Tanggal,Waktu,Lat,Long,ICAO,Angin,Visibility,Cuaca
01/02/2021,00:00:00Z	,0.46,101.44388888888889,WIBB,00000KT,7000,SCT013
01/02/2021,00:30:00Z	,0.46,101.44388888888889,WIBB,00000KT,7000,SCT013
01/02/2021,01:00:00Z	,0.46,101.44388888888889,WIBB,00000KT,7000,SCT013
01/02/2021,01:30:00Z	,0.46,101.44388888888889,WIBB,01007KT,7000,SCT013
01/02/2021,02:00:00Z	,0.46,101.44388888888889,WIBB,03007KT,8000,BKN013
01/02/2021,02:30:00Z	,0.46,101.44388888888889,WIBB,04004KT,8000,BKN013
01/02/2021,03:00:00Z	,0.46,101.44388888888889,WIBB,36008KT,8000,BKN013
01/02/2021,03:30:00Z	,0.46,101.44388888888889,WIBB,04005KT,8000,BKN013
01/02/2021,04:00:00Z	,0.46,101.44388888888889,WIBB,04005KT,7000,BKN013
01/02/2021,04:30:00Z	,0.46,101.44388888888889,WIBB,02008KT,7000,BKN013
01/02/2021,05:00:00Z	,0.46,101.44388888888889,WIBB,05008KT,8000,SCT015
01/02/2021,05:30:00Z	,0.46,101.44388888888889,WIBB,02007KT,8000,SCT015
01/02/2021,06:00:00Z	,0.46,101.44388888888889,WIBB,06007KT,8000,SCT015
01/02/2021,06:30:00Z	,0.46,101.44388888888889,WIBB,05009KT,8000,SCT015
01/02/2021,07:00:00Z	,0.46,101.44388888888889,WIBB,03008KT,9000,SCT017
01/02/2021,07:30:00Z	,0.46,101.44388888888889,WIBB,04007KT,9000,SCT017
01/02/2021,08:00:00Z	,0.46,101.44388888888889,WIBB,05008KT,9000,SCT017
01/02/2021,08:30:00Z	,0.46,101.44388888888889,WIBB,03006KT,9000,SCT017
01/02/2021,09:00:00Z	,0.46,101.44388888888889,WIBB,03007KT,9000,SCT017
01/02/2021,09:30:00Z	,0.46,101.44388888888889,WIBB,03007KT,9000,SCT017
01/02/2021,10:00:00Z	,0.46,101.44388888888889,WIBB,04008KT,3000,-RA
01/02/2021,10:30:00Z	,0.46,101.44388888888889,WIBB,00000KT,8000,SCT015
01/02/2021,11:00:00Z	,0.46,101.44388888888889,WIBB,03005KT,8000,SCT015
01/02/2021,11:30:00Z	,0.46,101.44388888888889,WIBB,03005KT,8000,SCT015
01/02/2021,12:00:00Z	,0.46,101.44388888888889,WIBB,03005KT,8000,SCT015
01/02/2021,12:30:00Z	,0.46,101.44388888888889,WIBB,02005KT,9000,SCT015
01/02/2021,13:00:00Z	,0.46,101.44388888888889,WIBB,00000KT,8000,SCT015
01/02/2021,13:30:00Z	,0.46,101.44388888888889,WIBB,00000KT,8000,SCT015
01/02/2021,14:00:00Z	,0.46,101.44388888888889,WIBB,00000KT,8000,SCT015
01/02/2021,14:30:00Z	,0.46,101.44388888888889,WIBB,23004KT,8000,SCT015
01/02/2021,15:00:00Z	,0.46,101.44388888888889,WIBB,00000KT,8000,FEW015
01/02/2021,15:30:00Z	,0.46,101.44388888888889,WIBB,00000KT,8000,FEW015
01/02/2021,16:00:00Z	,0.46,101.44388888888889,WIBB,23005KT,8000,FEW016
01/02/2021,16:30:00Z	,0.46,101.44388888888889,WIBB,00000KT,8000,FEW016
01/02/2021,17:00:00Z	,0.46,101.44388888888889,WIBB,00000KT,8000,FEW016
01/02/2021,17:30:00Z	,0.46,101.44388888888889,WIBB,00000KT,8000,SCT016
01/02/2021,18:00:00Z	,0.46,101.44388888888889,WIBB,00000KT,8000,SCT016
01/02/2021,18:30:00Z	,0.46,101.44388888888889,WIBB,00000KT,7000,SCT016
01/02/2021,19:00:00Z	,0.46,101.44388888888889,WIBB,00000KT,7000,SCT016
01/02/2021,19:30:00Z	,0.46,101.44388888888889,WIBB,00000KT,7000,SCT016
01/02/2021,20:00:00Z	,0.46,101.44388888888889,WIBB,00000KT,7000,SCT016
01/02/2021,20:30:00Z	,0.46,101.44388888888889,WIBB,00000KT,7000,SCT016
01/02/2021,21:00:00Z	,0.46,101.44388888888889,WIBB,00000KT,7000,SCT014
01/02/2021,21:30:00Z	,0.46,101.44388888888889,WIBB,00000KT,7000,SCT014
01/02/2021,22:00:00Z	,0.46,101.44388888888889,WIBB,00000KT,6000,-RA
01/02/2021,22:30:00Z	,0.46,101.44388888888889,WIBB,06004KT,6000,BKN014
01/02/2021,23:00:00Z	,0.46,101.44388888888889,WIBB,00000KT,6000,SCT014
01/02/2021,23:30:00Z	,0.46,101.44388888888889,WIBB,00000KT,6000,SCT011
02/02/2021,00:00:00Z	,0.46,101.44388888888889,WIBB,00000KT,7000,SCT010
02/02/2021,00:30:00Z	,0.46,101.44388888888889,WIBB,00000KT,7000,SCT010
02/02/2021,01:00:00Z	,0.46,101.44388888888889,WIBB,01008KT,8000,SCT012
02/02/2021,01:30:00Z	,0.46,101.44388888888889,WIBB,04010KT,8000,SCT012
02/02/2021,02:00:00Z	,0.46,101.44388888888889,WIBB,36010KT,9999,BKN010
02/02/2021,03:00:00Z	,0.46,101.44388888888889,WIBB,36010KT,9999,BKN010
02/02/2021,03:30:00Z	,0.46,101.44388888888889,WIBB,05010KT,9999,BKN010
02/02/2021,04:00:00Z	,0.46,101.44388888888889,WIBB,02010KT,9999,SCT012
02/02/2021,04:30:00Z	,0.46,101.44388888888889,WIBB,02010KT,9999,SCT012
02/02/2021,05:00:00Z	,0.46,101.44388888888889,WIBB,03010KT,9999,BKN012
02/02/2021,05:30:00Z	,0.46,101.44388888888889,WIBB,06009KT,8000,-RA
02/02/2021,06:00:00Z	,0.46,101.44388888888889,WIBB,31005KT,7000,-TSRA
02/02/2021,06:00:00Z	,0.46,101.44388888888889,WIBB,020600Z,31005KT,7000
02/02/2021,06:30:00Z	,0.46,101.44388888888889,WIBB,08005KT,7000,-TSRA
02/02/2021,07:00:00Z	,0.46,101.44388888888889,WIBB,05010KT,8000,BKN012
02/02/2021,07:30:00Z	,0.46,101.44388888888889,WIBB,04008KT,360V060,7000
02/02/2021,08:00:00Z	,0.46,101.44388888888889,WIBB,35016KT,310V010,4000
02/02/2021,08:30:00Z	,0.46,101.44388888888889,WIBB,00000KT,8000,BKN012
02/02/2021,09:00:00Z	,0.46,101.44388888888889,WIBB,05008KT,8000,TS
02/02/2021,09:30:00Z	,0.46,101.44388888888889,WIBB,02008KT,8000,BKN012
02/02/2021,10:00:00Z	,0.46,101.44388888888889,WIBB,05006KT,8000,SCT015
02/02/2021,10:30:00Z	,0.46,101.44388888888889,WIBB,02005KT,8000,SCT015
02/02/2021,11:00:00Z	,0.46,101.44388888888889,WIBB,03006KT,8000,FEW015CB
02/02/2021,11:30:00Z	,0.46,101.44388888888889,WIBB,04005KT,8000,FEW015CB
02/02/2021,12:00:00Z	,0.46,101.44388888888889,WIBB,02006KT,8000,SCT013
02/02/2021,12:30:00Z	,0.46,101.44388888888889,WIBB,00000KT,8000,SCT013
02/02/2021,13:00:00Z	,0.46,101.44388888888889,WIBB,000//KT,8000,FEW015
02/02/2021,13:30:00Z	,0.46,101.44388888888889,WIBB,00000KT,8000,FEW014
02/02/2021,14:00:00Z	,0.46,101.44388888888889,WIBB,00000KT,8000,FEW014
02/02/2021,14:30:00Z	,0.46,101.44388888888889,WIBB,00000KT,8000,FEW014
02/02/2021,15:00:00Z	,0.46,101.44388888888889,WIBB,00000KT,8000,NSC
02/02/2021,15:30:00Z	,0.46,101.44388888888889,WIBB,00000KT,8000,NSC
02/02/2021,16:00:00Z	,0.46,101.44388888888889,WIBB,00000KT,8000,NSC
02/02/2021,16:30:00Z	,0.46,101.44388888888889,WIBB,00000KT,8000,NSC
02/02/2021,17:00:00Z	,0.46,101.44388888888889,WIBB,00000KT,8000,NSC
02/02/2021,17:30:00Z	,0.46,101.44388888888889,WIBB,00000KT,7000,NSC
02/02/2021,18:00:00Z	,0.46,101.44388888888889,WIBB,00000KT,7000,FEW015
02/02/2021,21:00:00Z	,0.46,101.44388888888889,WIBB,00000KT,7000,-RA
02/02/2021,22:00:00Z	,0.46,101.44388888888889,WIBB,00000KT,7000,SCT013
02/02/2021,23:00:00Z	,0.46,101.44388888888889,WIBB,00000KT,8000,SCT013
02/02/2021,23:30:00Z	,0.46,101.44388888888889,WIBB,00000KT,8000,FEW015
03/02/2021,00:00:00Z	,0.46,101.44388888888889,WIBB,00000KT,8000,FEW015
03/02/2021,00:30:00Z	,0.46,101.44388888888889,WIBB,00000KT,9000,NSC
03/02/2021,01:00:00Z	,0.46,101.44388888888889,WIBB,04004KT,9000,FEW015
03/02/2021,01:30:00Z	,0.46,101.44388888888889,WIBB,06006KT,030V090,6000
03/02/2021,02:00:00Z	,0.46,101.44388888888889,WIBB,05008KT,8000,FEW013
03/02/2021,02:30:00Z	,0.46,101.44388888888889,WIBB,04008KT,8000,SCT013
03/02/2021,03:00:00Z	,0.46,101.44388888888889,WIBB,05008KT,8000,BKN013
03/02/2021,03:30:00Z	,0.46,101.44388888888889,WIBB,05008KT,8000,BKN013
03/02/2021,04:00:00Z	,0.46,101.44388888888889,WIBB,05006KT,8000,BKN013
03/02/2021,04:30:00Z	,0.46,101.44388888888889,WIBB,00000KT,8000,BKN013
03/02/2021,05:00:00Z	,0.46,101.44388888888889,WIBB,00000KT,8000,BKN013
03/02/2021,05:30:00Z	,0.46,101.44388888888889,WIBB,00000KT,8000,BKN013
03/02/2021,06:00:00Z	,0.46,101.44388888888889,WIBB,32005KT,8000,BKN013
03/02/2021,06:30:00Z	,0.46,101.44388888888889,WIBB,00000KT,8000,SCT013
03/02/2021,07:00:00Z	,0.46,101.44388888888889,WIBB,00000KT,8000,BKN012
03/02/2021,07:30:00Z	,0.46,101.44388888888889,WIBB,08005KT,8000,BKN012
03/02/2021,08:00:00Z	,0.46,101.44388888888889,WIBB,06008KT,8000,RA
03/02/2021,08:30:00Z	,0.46,101.44388888888889,WIBB,09005KT,8000,BKN010
03/02/2021,09:00:00Z	,0.46,101.44388888888889,WIBB,00000KT,8000,SCT012
03/02/2021,09:30:00Z	,0.46,101.44388888888889,WIBB,07006KT,8000,SCT012
03/02/2021,10:00:00Z	,0.46,101.44388888888889,WIBB,06005KT,8000,FEW013
03/02/2021,10:30:00Z	,0.46,101.44388888888889,WIBB,09006KT,8000,FEW013
03/02/2021,11:00:00Z	,0.46,101.44388888888889,WIBB,05006KT,7000,FEW015
03/02/2021,11:30:00Z	,0.46,101.44388888888889,WIBB,06004KT,6000,FEW015
03/02/2021,12:00:00Z	,0.46,101.44388888888889,WIBB,00000KT,7000,FEW016CB
03/02/2021,12:30:00Z	,0.46,101.44388888888889,WIBB,00000KT,6000,FEW016CB
03/02/2021,13:00:00Z	,0.46,101.44388888888889,WIBB,00000KT,7000,FEW016CB
03/02/2021,13:30:00Z	,0.46,101.44388888888889,WIBB,00000KT,7000,FEW016CB
03/02/2021,14:00:00Z	,0.46,101.44388888888889,WIBB,00000KT,7000,SCT015
03/02/2021,14:30:00Z	,0.46,101.44388888888889,WIBB,00000KT,7000,SCT015
03/02/2021,15:00:00Z	,0.46,101.44388888888889,WIBB,00000KT,7000,SCT015
03/02/2021,15:30:00Z	,0.46,101.44388888888889,WIBB,00000KT,7000,SCT015
03/02/2021,16:00:00Z	,0.46,101.44388888888889,WIBB,00000KT,8000,SCT015
03/02/2021,16:30:00Z	,0.46,101.44388888888889,WIBB,00000KT,7000,SCT015
03/02/2021,17:00:00Z	,0.46,101.44388888888889,WIBB,00000KT,7000,SCT013
03/02/2021,17:30:00Z	,0.46,101.44388888888889,WIBB,00000KT,7000,SCT013
03/02/2021,18:00:00Z	,0.46,101.44388888888889,WIBB,00000KT,7000,SCT013
03/02/2021,18:30:00Z	,0.46,101.44388888888889,WIBB,00000KT,7000,SCT013
03/02/2021,21:00:00Z	,0.46,101.44388888888889,WIBB,00000KT,6000,SCT013
03/02/2021,22:30:00Z	,0.46,101.44388888888889,WIBB,00000KT,6000,SCT013
03/02/2021,23:00:00Z	,0.46,101.44388888888889,WIBB,00000KT,6000,SCT013
03/02/2021,23:30:00Z	,0.46,101.44388888888889,WIBB,00000KT,6000,SCT013
04/02/2021,00:00:00Z	,0.46,101.44388888888889,WIBB,00000KT,5000,HZ
04/02/2021,00:30:00Z	,0.46,101.44388888888889,WIBB,00000KT,5000,HZ
04/02/2021,01:00:00Z	,0.46,101.44388888888889,WIBB,05005KT,7000,FEW015
04/02/2021,01:30:00Z	,0.46,101.44388888888889,WIBB,05007KT,9000,FEW015
04/02/2021,02:00:00Z	,0.46,101.44388888888889,WIBB,04008KT,9000,FEW015
04/02/2021,02:30:00Z	,0.46,101.44388888888889,WIBB,04011KT,9999,FEW015
04/02/2021,03:00:00Z	,0.46,101.44388888888889,WIBB,04009KT,9999,FEW015
04/02/2021,03:30:00Z	,0.46,101.44388888888889,WIBB,04009KT,9999,FEW015
04/02/2021,04:00:00Z	,0.46,101.44388888888889,WIBB,05007KT,9999,SCT013
04/02/2021,04:30:00Z	,0.46,101.44388888888889,WIBB,04008KT,9999,SCT013
04/02/2021,05:00:00Z	,0.46,101.44388888888889,WIBB,04007KT,9000,SCT013
04/02/2021,05:30:00Z	,0.46,101.44388888888889,WIBB,36007KT,9000,SCT013
04/02/2021,06:00:00Z	,0.46,101.44388888888889,WIBB,05005KT,8000,SCT013
04/02/2021,06:30:00Z	,0.46,101.44388888888889,WIBB,00000KT,7000,-RA
04/02/2021,07:00:00Z	,0.46,101.44388888888889,WIBB,32005KT,1500,RA
04/02/2021,07:30:00Z	,0.46,101.44388888888889,WIBB,00000KT,8000,BKN013
04/02/2021,08:00:00Z	,0.46,101.44388888888889,WIBB,00000KT,8000,BKN013
04/02/2021,08:30:00Z	,0.46,101.44388888888889,WIBB,00000KT,8000,BKN013
04/02/2021,09:00:00Z	,0.46,101.44388888888889,WIBB,00000KT,8000,BKN013
04/02/2021,09:30:00Z	,0.46,101.44388888888889,WIBB,19005KT,8000,BKN013
04/02/2021,10:00:00Z	,0.46,101.44388888888889,WIBB,19005KT,8000,SCT013
04/02/2021,10:30:00Z	,0.46,101.44388888888889,WIBB,00000KT,8000,SCT013
04/02/2021,11:00:00Z	,0.46,101.44388888888889,WIBB,07005KT,8000,SCT013
04/02/2021,11:30:00Z	,0.46,101.44388888888889,WIBB,00000KT,8000,SCT013
04/02/2021,12:00:00Z	,0.46,101.44388888888889,WIBB,00000KT,8000,SCT013
04/02/2021,12:30:00Z	,0.46,101.44388888888889,WIBB,00000KT,8000,SCT013
04/02/2021,13:00:00Z	,0.46,101.44388888888889,WIBB,07005KT,7000,SCT013
04/02/2021,13:30:00Z	,0.46,101.44388888888889,WIBB,00000KT,7000,SCT013
04/02/2021,14:00:00Z	,0.46,101.44388888888889,WIBB,10005KT,9999,SCT013
04/02/2021,14:30:00Z	,0.46,101.44388888888889,WIBB,00000KT,8000,SCT013
04/02/2021,15:00:00Z	,0.46,101.44388888888889,WIBB,00000KT,8000,FEW015
04/02/2021,15:30:00Z	,0.46,101.44388888888889,WIBB,00000KT,8000,FEW015
04/02/2021,16:00:00Z	,0.46,101.44388888888889,WIBB,00000KT,8000,FEW015
04/02/2021,16:30:00Z	,0.46,101.44388888888889,WIBB,00000KT,8000,FEW015
04/02/2021,17:00:00Z	,0.46,101.44388888888889,WIBB,00000KT,8000,FEW015
04/02/2021,17:30:00Z	,0.46,101.44388888888889,WIBB,00000KT,7000,FEW015
04/02/2021,18:00:00Z	,0.46,101.44388888888889,WIBB,00000KT,8000,FEW015
04/02/2021,21:00:00Z	,0.46,101.44388888888889,WIBB,00000KT,8000,FEW017
04/02/2021,21:30:00Z	,0.46,101.44388888888889,WIBB,00000KT,8000,FEW016
04/02/2021,22:00:00Z	,0.46,101.44388888888889,WIBB,00000KT,8000,FEW016
04/02/2021,22:30:00Z	,0.46,101.44388888888889,WIBB,00000KT,8000,FEW016
04/02/2021,23:00:00Z	,0.46,101.44388888888889,WIBB,00000KT,8000,SCT015
04/02/2021,23:30:00Z	,0.46,101.44388888888889,WIBB,00000KT,8000,SCT015
05/02/2021,00:00:00Z	,0.46,101.44388888888889,WIBB,00000KT,8000,SCT013
05/02/2021,00:30:00Z	,0.46,101.44388888888889,WIBB,00000KT,8000,SCT013
05/02/2021,01:00:00Z	,0.46,101.44388888888889,WIBB,00000KT,8000,SCT013
05/02/2021,01:30:00Z	,0.46,101.44388888888889,WIBB,00000KT,8000,SCT013
05/02/2021,02:00:00Z	,0.46,101.44388888888889,WIBB,00000KT,8000,SCT013
05/02/2021,02:30:00Z	,0.46,101.44388888888889,WIBB,00000KT,8000,SCT013
05/02/2021,03:00:00Z	,0.46,101.44388888888889,WIBB,00000KT,8000,SCT013
05/02/2021,03:30:00Z	,0.46,101.44388888888889,WIBB,05007KT,8000,SCT015
05/02/2021,04:00:00Z	,0.46,101.44388888888889,WIBB,08006KT,9000,FEW015
05/02/2021,04:30:00Z	,0.46,101.44388888888889,WIBB,05007KT,9000,FEW015
05/02/2021,05:00:00Z	,0.46,101.44388888888889,WIBB,03006KT,9000,SCT014
05/02/2021,05:30:00Z	,0.46,101.44388888888889,WIBB,36009KT,9000,SCT014
05/02/2021,06:00:00Z	,0.46,101.44388888888889,WIBB,06007KT,9000,SCT014
05/02/2021,06:30:00Z	,0.46,101.44388888888889,WIBB,04005KT,9000,SCT014
05/02/2021,07:00:00Z	,0.46,101.44388888888889,WIBB,03005KT,9000,SCT014
05/02/2021,07:30:00Z	,0.46,101.44388888888889,WIBB,00000KT,9000,SCT014
05/02/2021,08:00:00Z	,0.46,101.44388888888889,WIBB,03006KT,8000,SCT014
05/02/2021,08:30:00Z	,0.46,101.44388888888889,WIBB,03005KT,8000,SCT014
05/02/2021,09:00:00Z	,0.46,101.44388888888889,WIBB,00000KT,8000,FEW014
05/02/2021,09:30:00Z	,0.46,101.44388888888889,WIBB,00000KT,8000,FEW014
05/02/2021,10:00:00Z	,0.46,101.44388888888889,WIBB,00000KT,8000,FEW014
05/02/2021,10:30:00Z	,0.46,101.44388888888889,WIBB,00000KT,8000,SCT014
05/02/2021,11:00:00Z	,0.46,101.44388888888889,WIBB,00000KT,8000,SCT014
05/02/2021,11:30:00Z	,0.46,101.44388888888889,WIBB,00000KT,8000,FEW014
05/02/2021,12:00:00Z	,0.46,101.44388888888889,WIBB,00000KT,7000,FEW014
05/02/2021,12:30:00Z	,0.46,101.44388888888889,WIBB,00000KT,7000,FEW041
05/02/2021,13:00:00Z	,0.46,101.44388888888889,WIBB,00000KT,7000,FEW013
05/02/2021,13:30:00Z	,0.46,101.44388888888889,WIBB,00000KT,6000,FEW013
05/02/2021,14:00:00Z	,0.46,101.44388888888889,WIBB,00000KT,6000,FEW013
05/02/2021,14:30:00Z	,0.46,101.44388888888889,WIBB,00000KT,6000,FEW013
05/02/2021,15:00:00Z	,0.46,101.44388888888889,WIBB,00000KT,5000,HZ
05/02/2021,15:30:00Z	,0.46,101.44388888888889,WIBB,00000KT,6000,FEW013
05/02/2021,21:30:00Z	,0.46,101.44388888888889,WIBB,00000KT,7000,FEW013
05/02/2021,22:00:00Z	,0.46,101.44388888888889,WIBB,00000KT,7000,FEW013
05/02/2021,22:30:00Z	,0.46,101.44388888888889,WIBB,00000KT,7000,FEW013
05/02/2021,23:00:00Z	,0.46,101.44388888888889,WIBB,00000KT,7000,FEW013
05/02/2021,23:30:00Z	,0.46,101.44388888888889,WIBB,00000KT,7000,FEW013
06/02/2021,00:00:00Z	,0.46,101.44388888888889,WIBB,00000KT,7000,SCT013
06/02/2021,00:30:00Z	,0.46,101.44388888888889,WIBB,00000KT,7000,SCT013
06/02/2021,01:00:00Z	,0.46,101.44388888888889,WIBB,05005KT,8000,FEW014
06/02/2021,01:30:00Z	,0.46,101.44388888888889,WIBB,04007KT,8000,FEW014
06/02/2021,02:00:00Z	,0.46,101.44388888888889,WIBB,06005KT,8000,FEW013
06/02/2021,02:30:00Z	,0.46,101.44388888888889,WIBB,03006KT,9999,SCT013
06/02/2021,03:00:00Z	,0.46,101.44388888888889,WIBB,04005KT,9999,SCT013
06/02/2021,03:30:00Z	,0.46,101.44388888888889,WIBB,33008KT,9999,SCT013
06/02/2021,04:00:00Z	,0.46,101.44388888888889,WIBB,00000KT,9999,SCT013
06/02/2021,04:30:00Z	,0.46,101.44388888888889,WIBB,02002KT,9999,SCT013
06/02/2021,05:00:00Z	,0.46,101.44388888888889,WIBB,02005KT,9999,FEW013
06/02/2021,05:30:00Z	,0.46,101.44388888888889,WIBB,07005KT,9999,SCT013
06/02/2021,06:00:00Z	,0.46,101.44388888888889,WIBB,00000KT,9000,SCT013
06/02/2021,06:30:00Z	,0.46,101.44388888888889,WIBB,00000KT,9000,SCT013
06/02/2021,07:00:00Z	,0.46,101.44388888888889,WIBB,00000KT,9000,SCT017
06/02/2021,07:30:00Z	,0.46,101.44388888888889,WIBB,00000KT,9000,SCT015
06/02/2021,08:00:00Z	,0.46,101.44388888888889,WIBB,00000KT,9000,FEW015
06/02/2021,08:30:00Z	,0.46,101.44388888888889,WIBB,31005KT,9000,FEW015
06/02/2021,09:00:00Z	,0.46,101.44388888888889,WIBB,36006KT,9000,SCT015
06/02/2021,09:30:00Z	,0.46,101.44388888888889,WIBB,36005KT,9000,SCT015
06/02/2021,10:00:00Z	,0.46,101.44388888888889,WIBB,00000KT,9000,SCT015
06/02/2021,10:30:00Z	,0.46,101.44388888888889,WIBB,00000KT,9000,SCT015
06/02/2021,11:00:00Z	,0.46,101.44388888888889,WIBB,00000KT,9000,SCT015
06/02/2021,11:30:00Z	,0.46,101.44388888888889,WIBB,00000KT,8000,SCT015
06/02/2021,12:00:00Z	,0.46,101.44388888888889,WIBB,00000KT,8000,FEW015
06/02/2021,12:30:00Z	,0.46,101.44388888888889,WIBB,00000KT,8000,FEW015
06/02/2021,13:00:00Z	,0.46,101.44388888888889,WIBB,00000KT,8000,FEW015
06/02/2021,13:30:00Z	,0.46,101.44388888888889,WIBB,03004KT,8000,FEW015
06/02/2021,14:00:00Z	,0.46,101.44388888888889,WIBB,00000KT,8000,FEW015
06/02/2021,14:30:00Z	,0.46,101.44388888888889,WIBB,00000KT,8000,FEW015
06/02/2021,15:00:00Z	,0.46,101.44388888888889,WIBB,00000KT,8000,FEW015
06/02/2021,15:30:00Z	,0.46,101.44388888888889,WIBB,00000KT,8000,FEW015
06/02/2021,16:00:00Z	,0.46,101.44388888888889,WIBB,00000KT,8000,FEW015
06/02/2021,16:30:00Z	,0.46,101.44388888888889,WIBB,00000KT,8000,FEW015
06/02/2021,17:00:00Z	,0.46,101.44388888888889,WIBB,00000KT,8000,FEW016
06/02/2021,17:30:00Z	,0.46,101.44388888888889,WIBB,00000KT,8000,FEW016
06/02/2021,18:00:00Z	,0.46,101.44388888888889,WIBB,00000KT,8000,FEW016
06/02/2021,18:30:00Z	,0.46,101.44388888888889,WIBB,00000KT,8000,FEW016
06/02/2021,19:00:00Z	,0.46,101.44388888888889,WIBB,00000KT,8000,FEW016
06/02/2021,19:30:00Z	,0.46,101.44388888888889,WIBB,04004KT,8000,FEW016
06/02/2021,20:00:00Z	,0.46,101.44388888888889,WIBB,00000KT,8000,FEW016
06/02/2021,20:30:00Z	,0.46,101.44388888888889,WIBB,00000KT,8000,FEW016
06/02/2021,21:00:00Z	,0.46,101.44388888888889,WIBB,05005KT,8000,FEW016
06/02/2021,21:30:00Z	,0.46,101.44388888888889,WIBB,05006KT,8000,FEW015
06/02/2021,22:00:00Z	,0.46,101.44388888888889,WIBB,04005KT,8000,FEW016
06/02/2021,22:30:00Z	,0.46,101.44388888888889,WIBB,04005KT,8000,FEW014
06/02/2021,23:00:00Z	,0.46,101.44388888888889,WIBB,00000KT,8000,SCT013
06/02/2021,23:30:00Z	,0.46,101.44388888888889,WIBB,00000KT,8000,FEW013
07/02/2021,00:00:00Z	,0.46,101.44388888888889,WIBB,00000KT,8000,SCT013
07/02/2021,00:30:00Z	,0.46,101.44388888888889,WIBB,00000KT,8000,SCT013
07/02/2021,01:00:00Z	,0.46,101.44388888888889,WIBB,04005KT,7000,FEW013
07/02/2021,01:30:00Z	,0.46,101.44388888888889,WIBB,06008KT,8000,FEW013
07/02/2021,02:00:00Z	,0.46,101.44388888888889,WIBB,04008KT,7000,SCT013
07/02/2021,02:30:00Z	,0.46,101.44388888888889,WIBB,36006KT,6000,SCT013
07/02/2021,03:00:00Z	,0.46,101.44388888888889,WIBB,02008KT,7000,FEW014
07/02/2021,03:30:00Z	,0.46,101.44388888888889,WIBB,04005KT,7000,FEW014
07/02/2021,04:00:00Z	,0.46,101.44388888888889,WIBB,36008KT,8000,FEW014
07/02/2021,04:30:00Z	,0.46,101.44388888888889,WIBB,02005KT,8000,SCT014
07/02/2021,05:00:00Z	,0.46,101.44388888888889,WIBB,00000KT,8000,SCT013
07/02/2021,05:30:00Z	,0.46,101.44388888888889,WIBB,32006KT,8000,SCT012
07/02/2021,06:00:00Z	,0.46,101.44388888888889,WIBB,00000KT,8000,BKN012
07/02/2021,06:30:00Z	,0.46,101.44388888888889,WIBB,33008KT,8000,BKN012
07/02/2021,07:00:00Z	,0.46,101.44388888888889,WIBB,00000KT,9000,BKN015
07/02/2021,07:30:00Z	,0.46,101.44388888888889,WIBB,05005KT,9000,SCT015
07/02/2021,08:00:00Z	,0.46,101.44388888888889,WIBB,00000KT,9000,SCT017
07/02/2021,08:30:00Z	,0.46,101.44388888888889,WIBB,00000KT,9000,SCT017
07/02/2021,09:00:00Z	,0.46,101.44388888888889,WIBB,00000KT,9000,SCT017
07/02/2021,09:30:00Z	,0.46,101.44388888888889,WIBB,00000KT,9000,FEW017
07/02/2021,10:00:00Z	,0.46,101.44388888888889,WIBB,00000KT,9000,FEW017
07/02/2021,10:30:00Z	,0.46,101.44388888888889,WIBB,00000KT,9000,FEW017
07/02/2021,11:00:00Z	,0.46,101.44388888888889,WIBB,00000KT,9000,FEW017
07/02/2021,11:30:00Z	,0.46,101.44388888888889,WIBB,00000KT,8000,FEW017
07/02/2021,12:00:00Z	,0.46,101.44388888888889,WIBB,00000KT,8000,FEW017
07/02/2021,12:30:00Z	,0.46,101.44388888888889,WIBB,00000KT,8000,FEW017
07/02/2021,13:00:00Z	,0.46,101.44388888888889,WIBB,00000KT,8000,FEW016
07/02/2021,13:30:00Z	,0.46,101.44388888888889,WIBB,00000KT,8000,FEW016
07/02/2021,14:00:00Z	,0.46,101.44388888888889,WIBB,00000KT,8000,FEW016
07/02/2021,14:30:00Z	,0.46,101.44388888888889,WIBB,00000KT,8000,FEW016
07/02/2021,15:00:00Z	,0.46,101.44388888888889,WIBB,00000KT,8000,FEW016
07/02/2021,15:30:00Z	,0.46,101.44388888888889,WIBB,00000KT,8000,FEW016
07/02/2021,16:00:00Z	,0.46,101.44388888888889,WIBB,00000KT,8000,FEW016
07/02/2021,16:30:00Z	,0.46,101.44388888888889,WIBB,00000KT,8000,FEW016
07/02/2021,17:00:00Z	,0.46,101.44388888888889,WIBB,00000KT,8000,SCT016
07/02/2021,17:30:00Z	,0.46,101.44388888888889,WIBB,00000KT,8000,SCT016
07/02/2021,18:00:00Z	,0.46,101.44388888888889,WIBB,25008KT,6000,-RA
07/02/2021,18:30:00Z	,0.46,101.44388888888889,WIBB,22005KT,3000,RA
07/02/2021,19:00:00Z	,0.46,101.44388888888889,WIBB,00000KT,3000,TSRA
07/02/2021,19:30:00Z	,0.46,101.44388888888889,WIBB,00000KT,7000,-RA
07/02/2021,19:30:00Z	,0.46,101.44388888888889,WIBB,WIBB,071930Z,00000KT
07/02/2021,20:00:00Z	,0.46,101.44388888888889,WIBB,00000KT,7000,-RA
07/02/2021,20:30:00Z	,0.46,101.44388888888889,WIBB,00000KT,7000,-RA
07/02/2021,21:00:00Z	,0.46,101.44388888888889,WIBB,00000KT,7000,-RA
07/02/2021,21:30:00Z	,0.46,101.44388888888889,WIBB,00000KT,7000,-RA
07/02/2021,22:00:00Z	,0.46,101.44388888888889,WIBB,00000KT,7000,SCT013
07/02/2021,22:30:00Z	,0.46,101.44388888888889,WIBB,00000KT,7000,SCT013
07/02/2021,23:00:00Z	,0.46,101.44388888888889,WIBB,00000KT,7000,SCT013
07/02/2021,23:30:00Z	,0.46,101.44388888888889,WIBB,00000KT,4000,BR
08/02/2021,00:00:00Z	,0.46,101.44388888888889,WIBB,00000KT,6000,FEW013
08/02/2021,00:30:00Z	,0.46,101.44388888888889,WIBB,00000KT,6000,FEW013
08/02/2021,01:00:00Z	,0.46,101.44388888888889,WIBB,36005KT,7000,FEW012
08/02/2021,01:30:00Z	,0.46,101.44388888888889,WIBB,00000KT,7000,FEW013
08/02/2021,02:00:00Z	,0.46,101.44388888888889,WIBB,04006KT,7000,FEW015
08/02/2021,02:30:00Z	,0.46,101.44388888888889,WIBB,03006KT,7000,FEW015
08/02/2021,03:00:00Z	,0.46,101.44388888888889,WIBB,06007KT,7000,FEW015
08/02/2021,03:30:00Z	,0.46,101.44388888888889,WIBB,06005KT,7000,FEW015
08/02/2021,04:00:00Z	,0.46,101.44388888888889,WIBB,08006KT,8000,FEW015
08/02/2021,04:30:00Z	,0.46,101.44388888888889,WIBB,03005KT,8000,FEW013
08/02/2021,05:00:00Z	,0.46,101.44388888888889,WIBB,00000KT,8000,SCT013
08/02/2021,05:30:00Z	,0.46,101.44388888888889,WIBB,00000KT,8000,SCT013
08/02/2021,06:00:00Z	,0.46,101.44388888888889,WIBB,00000KT,8000,SCT012
08/02/2021,06:30:00Z	,0.46,101.44388888888889,WIBB,00000KT,8000,SCT012
08/02/2021,07:00:00Z	,0.46,101.44388888888889,WIBB,01005KT,8000,SCT012
08/02/2021,07:30:00Z	,0.46,101.44388888888889,WIBB,10004KT,8000,SCT012
08/02/2021,08:00:00Z	,0.46,101.44388888888889,WIBB,00000KT,8000,SCT012
08/02/2021,08:30:00Z	,0.46,101.44388888888889,WIBB,10005KT,8000,SCT012
08/02/2021,09:00:00Z	,0.46,101.44388888888889,WIBB,04006KT,8000,SCT012
08/02/2021,09:30:00Z	,0.46,101.44388888888889,WIBB,00000KT,8000,SCT012
08/02/2021,10:00:00Z	,0.46,101.44388888888889,WIBB,06008KT,8000,BKN012
08/02/2021,10:30:00Z	,0.46,101.44388888888889,WIBB,06007KT,8000,BKN012
08/02/2021,11:00:00Z	,0.46,101.44388888888889,WIBB,03012KT,7000,BKN010
08/02/2021,11:30:00Z	,0.46,101.44388888888889,WIBB,18005KT,7000,BKN010
08/02/2021,12:00:00Z	,0.46,101.44388888888889,WIBB,07005KT,7000,BKN010
08/02/2021,12:30:00Z	,0.46,101.44388888888889,WIBB,05005KT,7000,BKN010
08/02/2021,13:00:00Z	,0.46,101.44388888888889,WIBB,00000KT,8000,SCT015CB
08/02/2021,13:30:00Z	,0.46,101.44388888888889,WIBB,00000KT,8000,SCT015CB
08/02/2021,14:00:00Z	,0.46,101.44388888888889,WIBB,00000KT,8000,SCT015CB
08/02/2021,14:30:00Z	,0.46,101.44388888888889,WIBB,18012KT,8000,TS
08/02/2021,15:00:00Z	,0.46,101.44388888888889,WIBB,26015KT,1000,TSRA
08/02/2021,15:30:00Z	,0.46,101.44388888888889,WIBB,00000KT,3000,TSRA
08/02/2021,16:00:00Z	,0.46,101.44388888888889,WIBB,00000KT,7000,-TSRA
08/02/2021,16:30:00Z	,0.46,101.44388888888889,WIBB,00000KT,7000,-RA
08/02/2021,17:00:00Z	,0.46,101.44388888888889,WIBB,00000KT,7000,-RA
08/02/2021,17:30:00Z	,0.46,101.44388888888889,WIBB,00000KT,7000,-RA
08/02/2021,18:00:00Z	,0.46,101.44388888888889,WIBB,00000KT,7000,-RA
08/02/2021,21:00:00Z	,0.46,101.44388888888889,WIBB,00000KT,7000,SCT009
08/02/2021,21:30:00Z	,0.46,101.44388888888889,WIBB,00000KT,7000,BKN007
08/02/2021,22:00:00Z	,0.46,101.44388888888889,WIBB,32005KT,5000,HZ
08/02/2021,22:30:00Z	,0.46,101.44388888888889,WIBB,00000KT,5000,HZ
08/02/2021,23:00:00Z	,0.46,101.44388888888889,WIBB,00000KT,5000,HZ
08/02/2021,23:30:00Z	,0.46,101.44388888888889,WIBB,00000KT,2500,HZ
09/02/2021,00:00:00Z	,0.46,101.44388888888889,WIBB,00000KT,3000,HZ
09/02/2021,00:30:00Z	,0.46,101.44388888888889,WIBB,00000KT,5000,HZ
09/02/2021,01:00:00Z	,0.46,101.44388888888889,WIBB,00000KT,7000,FEW013
09/02/2021,01:30:00Z	,0.46,101.44388888888889,WIBB,00000KT,8000,FEW013
09/02/2021,02:00:00Z	,0.46,101.44388888888889,WIBB,00000KT,9000,FEW015
09/02/2021,02:30:00Z	,0.46,101.44388888888889,WIBB,04005KT,7000,SCT013
09/02/2021,03:00:00Z	,0.46,101.44388888888889,WIBB,07006KT,9000,SCT013
09/02/2021,03:30:00Z	,0.46,101.44388888888889,WIBB,00000KT,9000,SCT013
09/02/2021,04:00:00Z	,0.46,101.44388888888889,WIBB,05006KT,9000,SCT013
09/02/2021,04:30:00Z	,0.46,101.44388888888889,WIBB,07005KT,9000,SCT013
09/02/2021,05:00:00Z	,0.46,101.44388888888889,WIBB,00000KT,9000,SCT013
09/02/2021,05:30:00Z	,0.46,101.44388888888889,WIBB,00000KT,9000,SCT013
09/02/2021,06:00:00Z	,0.46,101.44388888888889,WIBB,00000KT,9000,SCT013
09/02/2021,06:30:00Z	,0.46,101.44388888888889,WIBB,01005KT,9000,SCT013
09/02/2021,07:00:00Z	,0.46,101.44388888888889,WIBB,00000KT,9999,BKN013
09/02/2021,07:30:00Z	,0.46,101.44388888888889,WIBB,34005KT,9999,BKN013
09/02/2021,08:00:00Z	,0.46,101.44388888888889,WIBB,32005KT,9999,BKN013
09/02/2021,08:30:00Z	,0.46,101.44388888888889,WIBB,00000KT,9999,BKN013
09/02/2021,09:00:00Z	,0.46,101.44388888888889,WIBB,00000KT,9999,SCT015
09/02/2021,09:30:00Z	,0.46,101.44388888888889,WIBB,04007KT,9999,SCT015
09/02/2021,10:00:00Z	,0.46,101.44388888888889,WIBB,09007KT,9999,SCT015
09/02/2021,10:30:00Z	,0.46,101.44388888888889,WIBB,02005KT,9999,SCT015
09/02/2021,11:00:00Z	,0.46,101.44388888888889,WIBB,07004KT,9999,FEW015
09/02/2021,11:30:00Z	,0.46,101.44388888888889,WIBB,06006KT,8000,FEW015
09/02/2021,12:00:00Z	,0.46,101.44388888888889,WIBB,06006KT,8000,FEW015
09/02/2021,12:30:00Z	,0.46,101.44388888888889,WIBB,00000KT,9999,FEW015
09/02/2021,13:00:00Z	,0.46,101.44388888888889,WIBB,00000KT,8000,FEW015
09/02/2021,13:30:00Z	,0.46,101.44388888888889,WIBB,00000KT,9999,FEW015
09/02/2021,14:00:00Z	,0.46,101.44388888888889,WIBB,00000KT,9999,FEW015
09/02/2021,14:30:00Z	,0.46,101.44388888888889,WIBB,00000KT,9999,FEW015
09/02/2021,15:00:00Z	,0.46,101.44388888888889,WIBB,00000KT,8000,FEW015
09/02/2021,15:30:00Z	,0.46,101.44388888888889,WIBB,00000KT,8000,FEW015
09/02/2021,16:00:00Z	,0.46,101.44388888888889,WIBB,00000KT,8000,FEW015
09/02/2021,16:30:00Z	,0.46,101.44388888888889,WIBB,00000KT,8000,FEW015
09/02/2021,17:00:00Z	,0.46,101.44388888888889,WIBB,00000KT,8000,SCT015
09/02/2021,17:30:00Z	,0.46,101.44388888888889,WIBB,00000KT,8000,SCT015
09/02/2021,18:00:00Z	,0.46,101.44388888888889,WIBB,00000KT,7000,BKN012
09/02/2021,18:30:00Z	,0.46,101.44388888888889,WIBB,00000KT,7000,BKN012
09/02/2021,21:00:00Z	,0.46,101.44388888888889,WIBB,00000KT,7000,BKN012
09/02/2021,21:30:00Z	,0.46,101.44388888888889,WIBB,00000KT,7000,BKN012
09/02/2021,22:00:00Z	,0.46,101.44388888888889,WIBB,00000KT,7000,BKN012
09/02/2021,22:30:00Z	,0.46,101.44388888888889,WIBB,00000KT,7000,BKN010
09/02/2021,23:00:00Z	,0.46,101.44388888888889,WIBB,00000KT,7000,BKN010
09/02/2021,23:30:00Z	,0.46,101.44388888888889,WIBB,00000KT,6000,BKN008
10/02/2021,00:00:00Z	,0.46,101.44388888888889,WIBB,00000KT,6000,FEW012
10/02/2021,00:30:00Z	,0.46,101.44388888888889,WIBB,00000KT,6000,-RA
10/02/2021,01:00:00Z	,0.46,101.44388888888889,WIBB,VRB00KT,6000,SCT013
10/02/2021,01:30:00Z	,0.46,101.44388888888889,WIBB,00000KT,7000,SCT013
10/02/2021,02:00:00Z	,0.46,101.44388888888889,WIBB,00000KT,9000,SCT013
10/02/2021,02:30:00Z	,0.46,101.44388888888889,WIBB,07005KT,9000,SCT013
10/02/2021,03:00:00Z	,0.46,101.44388888888889,WIBB,08005KT,8000,SCT013
10/02/2021,03:30:00Z	,0.46,101.44388888888889,WIBB,08005KT,6000,SCT013
10/02/2021,04:00:00Z	,0.46,101.44388888888889,WIBB,11005KT,7000,SCT013
10/02/2021,04:30:00Z	,0.46,101.44388888888889,WIBB,00000KT,7000,SCT013
10/02/2021,05:00:00Z	,0.46,101.44388888888889,WIBB,00000KT,7000,SCT013
10/02/2021,05:30:00Z	,0.46,101.44388888888889,WIBB,04005KT,7000,SCT013
10/02/2021,06:00:00Z	,0.46,101.44388888888889,WIBB,00000KT,8000,SCT013
10/02/2021,06:30:00Z	,0.46,101.44388888888889,WIBB,00000KT,9000,SCT013
10/02/2021,07:00:00Z	,0.46,101.44388888888889,WIBB,03005KT,9000,SCT013
10/02/2021,07:30:00Z	,0.46,101.44388888888889,WIBB,00000KT,9000,SCT013
10/02/2021,08:00:00Z	,0.46,101.44388888888889,WIBB,11005KT,9000,SCT013
10/02/2021,08:30:00Z	,0.46,101.44388888888889,WIBB,11007KT,9000,SCT013
10/02/2021,09:00:00Z	,0.46,101.44388888888889,WIBB,11005KT,9000,SCT013
10/02/2021,09:30:00Z	,0.46,101.44388888888889,WIBB,08006KT,9000,SCT013
10/02/2021,10:00:00Z	,0.46,101.44388888888889,WIBB,11007KT,8000,SCT013
10/02/2021,10:30:00Z	,0.46,101.44388888888889,WIBB,00000KT,8000,SCT013
10/02/2021,11:00:00Z	,0.46,101.44388888888889,WIBB,08006KT,3000,TS
10/02/2021,11:30:00Z	,0.46,101.44388888888889,WIBB,05006KT,7000,TS
10/02/2021,12:00:00Z	,0.46,101.44388888888889,WIBB,33011KT,4000,TSRA
10/02/2021,12:30:00Z	,0.46,101.44388888888889,WIBB,02005KT,7000,TS
10/02/2021,13:00:00Z	,0.46,101.44388888888889,WIBB,02009KT,6000,BKN012
10/02/2021,13:30:00Z	,0.46,101.44388888888889,WIBB,02005KT,8000,BKN012
10/02/2021,14:00:00Z	,0.46,101.44388888888889,WIBB,03005KT,8000,SCT010
10/02/2021,14:30:00Z	,0.46,101.44388888888889,WIBB,00000KT,8000,SCT010
10/02/2021,15:00:00Z	,0.46,101.44388888888889,WIBB,00000KT,7000,SCT012
10/02/2021,15:30:00Z	,0.46,101.44388888888889,WIBB,00000KT,6000,SCT012
10/02/2021,16:00:00Z	,0.46,101.44388888888889,WIBB,00000KT,8000,SCT013
10/02/2021,16:30:00Z	,0.46,101.44388888888889,WIBB,00000KT,9000,SCT013
10/02/2021,17:00:00Z	,0.46,101.44388888888889,WIBB,00000KT,8000,SCT013
10/02/2021,17:30:00Z	,0.46,101.44388888888889,WIBB,34005KT,8000,SCT015
10/02/2021,18:00:00Z	,0.46,101.44388888888889,WIBB,04005KT,8000,SCT015
10/02/2021,21:00:00Z	,0.46,101.44388888888889,WIBB,00000KT,8000,SCT015
10/02/2021,21:30:00Z	,0.46,101.44388888888889,WIBB,00000KT,8000,SCT016
10/02/2021,22:00:00Z	,0.46,101.44388888888889,WIBB,00000KT,8000,SCT016
10/02/2021,22:30:00Z	,0.46,101.44388888888889,WIBB,00000KT,8000,SCT016
10/02/2021,23:00:00Z	,0.46,101.44388888888889,WIBB,00000KT,8000,SCT010
10/02/2021,23:30:00Z	,0.46,101.44388888888889,WIBB,00000KT,8000,SCT010
11/02/2021,00:00:00Z	,0.46,101.44388888888889,WIBB,00000KT,8000,BKN010
11/02/2021,00:30:00Z	,0.46,101.44388888888889,WIBB,00000KT,8000,BKN010
11/02/2021,01:00:00Z	,0.46,101.44388888888889,WIBB,00000KT,8000,BKN010
11/02/2021,01:30:00Z	,0.46,101.44388888888889,WIBB,00000KT,9000,-RA
11/02/2021,01:30:00Z	,0.46,101.44388888888889,WIBB,WIBB,110130Z,00000KT
11/02/2021,02:00:00Z	,0.46,101.44388888888889,WIBB,35005KT,9000,SCT012
11/02/2021,02:30:00Z	,0.46,101.44388888888889,WIBB,35006KT,9000,SCT012
11/02/2021,03:00:00Z	,0.46,101.44388888888889,WIBB,33006KT,9999,FEW012
11/02/2021,03:30:00Z	,0.46,101.44388888888889,WIBB,34003KT,9999,FEW012
11/02/2021,04:00:00Z	,0.46,101.44388888888889,WIBB,34006KT,9999,SCT013
11/02/2021,04:30:00Z	,0.46,101.44388888888889,WIBB,33006KT,9999,SCT013
11/02/2021,05:00:00Z	,0.46,101.44388888888889,WIBB,35006KT,9000,BKN014
11/02/2021,05:30:00Z	,0.46,101.44388888888889,WIBB,33007KT,9000,BKN014
11/02/2021,06:00:00Z	,0.46,101.44388888888889,WIBB,04005KT,9000,BKN014
11/02/2021,06:30:00Z	,0.46,101.44388888888889,WIBB,04004KT,9000,BKN014
11/02/2021,07:00:00Z	,0.46,101.44388888888889,WIBB,02008KT,9000,SCT014
11/02/2021,07:30:00Z	,0.46,101.44388888888889,WIBB,00000KT,9000,SCT014
11/02/2021,08:00:00Z	,0.46,101.44388888888889,WIBB,02005KT,9000,SCT014
11/02/2021,08:30:00Z	,0.46,101.44388888888889,WIBB,01005KT,9000,SCT014
11/02/2021,09:00:00Z	,0.46,101.44388888888889,WIBB,06006KT,9000,SCT014
11/02/2021,09:30:00Z	,0.46,101.44388888888889,WIBB,00000KT,9000,SCT014
11/02/2021,10:00:00Z	,0.46,101.44388888888889,WIBB,00000KT,9000,SCT014
11/02/2021,10:30:00Z	,0.46,101.44388888888889,WIBB,04007KT,9000,SCT014
11/02/2021,11:00:00Z	,0.46,101.44388888888889,WIBB,01006KT,8000,SCT015
11/02/2021,11:30:00Z	,0.46,101.44388888888889,WIBB,34005KT,8000,SCT015
11/02/2021,12:00:00Z	,0.46,101.44388888888889,WIBB,31005KT,8000,FEW015
11/02/2021,12:30:00Z	,0.46,101.44388888888889,WIBB,00000KT,8000,FEW015
11/02/2021,13:00:00Z	,0.46,101.44388888888889,WIBB,00000KT,8000,FEW013
11/02/2021,13:30:00Z	,0.46,101.44388888888889,WIBB,00000KT,8000,FEW013
11/02/2021,14:00:00Z	,0.46,101.44388888888889,WIBB,00000KT,8000,FEW013
11/02/2021,14:30:00Z	,0.46,101.44388888888889,WIBB,00000KT,8000,FEW013
11/02/2021,15:00:00Z	,0.46,101.44388888888889,WIBB,00000KT,8000,FEW013
11/02/2021,15:30:00Z	,0.46,101.44388888888889,WIBB,00000KT,8000,FEW013
11/02/2021,21:00:00Z	,0.46,101.44388888888889,WIBB,32010KT,5000,TSRA
11/02/2021,21:30:00Z	,0.46,101.44388888888889,WIBB,32006KT,5000,-RA
11/02/2021,22:00:00Z	,0.46,101.44388888888889,WIBB,00000KT,5000,-RA
11/02/2021,22:30:00Z	,0.46,101.44388888888889,WIBB,00000KT,7000,SCT013
11/02/2021,23:00:00Z	,0.46,101.44388888888889,WIBB,00000KT,7000,SCT013
11/02/2021,23:30:00Z	,0.46,101.44388888888889,WIBB,00000KT,6000,BKN010
12/02/2021,00:00:00Z	,0.46,101.44388888888889,WIBB,00000KT,5000,HZ
12/02/2021,00:30:00Z	,0.46,101.44388888888889,WIBB,00000KT,5000,HZ
12/02/2021,01:00:00Z	,0.46,101.44388888888889,WIBB,00000KT,7000,SCT010
12/02/2021,01:30:00Z	,0.46,101.44388888888889,WIBB,00000KT,8000,SCT010
12/02/2021,02:00:00Z	,0.46,101.44388888888889,WIBB,02005KT,8000,BKN008
12/02/2021,02:30:00Z	,0.46,101.44388888888889,WIBB,00000KT,8000,BKN009
12/02/2021,03:00:00Z	,0.46,101.44388888888889,WIBB,00000KT,8000,SCT010
12/02/2021,03:30:00Z	,0.46,101.44388888888889,WIBB,00000KT,9000,SCT013
12/02/2021,04:00:00Z	,0.46,101.44388888888889,WIBB,00000KT,9000,SCT015
12/02/2021,04:30:00Z	,0.46,101.44388888888889,WIBB,00000KT,9000,SCT015
12/02/2021,05:00:00Z	,0.46,101.44388888888889,WIBB,00000KT,9000,SCT015
12/02/2021,05:30:00Z	,0.46,101.44388888888889,WIBB,00000KT,9000,SCT015
12/02/2021,06:00:00Z	,0.46,101.44388888888889,WIBB,00000KT,9000,SCT017
12/02/2021,06:30:00Z	,0.46,101.44388888888889,WIBB,00000KT,9000,SCT017
12/02/2021,07:00:00Z	,0.46,101.44388888888889,WIBB,06005KT,9999,SCT016
12/02/2021,07:30:00Z	,0.46,101.44388888888889,WIBB,03005KT,9999,SCT016
12/02/2021,08:00:00Z	,0.46,101.44388888888889,WIBB,33005KT,9999,SCT016
12/02/2021,08:30:00Z	,0.46,101.44388888888889,WIBB,02005KT,9999,SCT016
12/02/2021,09:00:00Z	,0.46,101.44388888888889,WIBB,05006KT,9999,SCT016
12/02/2021,09:30:00Z	,0.46,101.44388888888889,WIBB,05009KT,9999,SCT016
12/02/2021,10:00:00Z	,0.46,101.44388888888889,WIBB,08005KT,9999,SCT016
12/02/2021,10:30:00Z	,0.46,101.44388888888889,WIBB,05007KT,9999,SCT016
12/02/2021,11:00:00Z	,0.46,101.44388888888889,WIBB,05005KT,9999,FEW016
12/02/2021,11:30:00Z	,0.46,101.44388888888889,WIBB,00000KT,9000,FEW016
12/02/2021,12:00:00Z	,0.46,101.44388888888889,WIBB,00000KT,8000,FEW015
12/02/2021,12:30:00Z	,0.46,101.44388888888889,WIBB,00000KT,8000,FEW015
12/02/2021,13:00:00Z	,0.46,101.44388888888889,WIBB,00000KT,8000,FEW013
12/02/2021,13:30:00Z	,0.46,101.44388888888889,WIBB,00000KT,8000,SCT013
12/02/2021,14:00:00Z	,0.46,101.44388888888889,WIBB,00000KT,8000,SCT013
12/02/2021,14:30:00Z	,0.46,101.44388888888889,WIBB,00000KT,8000,SCT013
12/02/2021,15:00:00Z	,0.46,101.44388888888889,WIBB,00000KT,8000,SCT013
12/02/2021,15:30:00Z	,0.46,101.44388888888889,WIBB,06008KT,8000,SCT013
12/02/2021,16:00:00Z	,0.46,101.44388888888889,WIBB,00000KT,8000,SCT013
12/02/2021,18:30:00Z	,0.46,101.44388888888889,WIBB,00000KT,8000,BKN013
12/02/2021,19:00:00Z	,0.46,101.44388888888889,WIBB,00000KT,7000,SCT013
12/02/2021,21:00:00Z	,0.46,101.44388888888889,WIBB,00000KT,7000,SCT013
12/02/2021,21:30:00Z	,0.46,101.44388888888889,WIBB,00000KT,7000,SCT013
12/02/2021,22:30:00Z	,0.46,101.44388888888889,WIBB,00000KT,7000,FEW010
12/02/2021,23:30:00Z	,0.46,101.44388888888889,WIBB,00000KT,7000,FEW013
13/02/2021,00:00:00Z	,0.46,101.44388888888889,WIBB,00000KT,7000,FEW013
13/02/2021,00:30:00Z	,0.46,101.44388888888889,WIBB,00000KT,8000,FEW013
13/02/2021,01:00:00Z	,0.46,101.44388888888889,WIBB,18005KT,8000,BKN014
13/02/2021,01:30:00Z	,0.46,101.44388888888889,WIBB,18005KT,8000,BKN014
13/02/2021,02:00:00Z	,0.46,101.44388888888889,WIBB,00000KT,9000,FEW014
13/02/2021,02:30:00Z	,0.46,101.44388888888889,WIBB,08005KT,9000,FEW014
13/02/2021,03:00:00Z	,0.46,101.44388888888889,WIBB,07005KT,9000,SCT014
13/02/2021,03:30:00Z	,0.46,101.44388888888889,WIBB,06006KT,9000,SCT014
13/02/2021,04:00:00Z	,0.46,101.44388888888889,WIBB,10006KT,9000,SCT014
13/02/2021,04:30:00Z	,0.46,101.44388888888889,WIBB,10005KT,9000,SCT014
13/02/2021,05:00:00Z	,0.46,101.44388888888889,WIBB,00000KT,9000,BKN014
13/02/2021,05:30:00Z	,0.46,101.44388888888889,WIBB,00000KT,9000,BKN014
13/02/2021,06:00:00Z	,0.46,101.44388888888889,WIBB,00000KT,9000,BKN014
13/02/2021,06:30:00Z	,0.46,101.44388888888889,WIBB,06007KT,9000,BKN014
13/02/2021,07:00:00Z	,0.46,101.44388888888889,WIBB,00000KT,9000,BKN017
13/02/2021,07:30:00Z	,0.46,101.44388888888889,WIBB,34005KT,9000,BKN017
13/02/2021,08:00:00Z	,0.46,101.44388888888889,WIBB,00000KT,9000,SCT017CB
13/02/2021,08:30:00Z	,0.46,101.44388888888889,WIBB,00000KT,9000,SCT017
13/02/2021,09:00:00Z	,0.46,101.44388888888889,WIBB,00000KT,9000,SCT017
13/02/2021,09:30:00Z	,0.46,101.44388888888889,WIBB,00000KT,9000,SCT017
13/02/2021,10:00:00Z	,0.46,101.44388888888889,WIBB,03007KT,9000,SCT017
13/02/2021,10:30:00Z	,0.46,101.44388888888889,WIBB,05006KT,9000,FEW017
13/02/2021,11:00:00Z	,0.46,101.44388888888889,WIBB,04006KT,8000,FEW017
13/02/2021,11:30:00Z	,0.46,101.44388888888889,WIBB,00000KT,8000,NSC
13/02/2021,12:00:00Z	,0.46,101.44388888888889,WIBB,00000KT,7000,NSC
13/02/2021,12:30:00Z	,0.46,101.44388888888889,WIBB,00000KT,7000,NSC
13/02/2021,13:00:00Z	,0.46,101.44388888888889,WIBB,00000KT,7000,NSC
13/02/2021,13:30:00Z	,0.46,101.44388888888889,WIBB,00000KT,7000,FEW015
13/02/2021,14:00:00Z	,0.46,101.44388888888889,WIBB,00000KT,7000,FEW012
13/02/2021,14:30:00Z	,0.46,101.44388888888889,WIBB,NIL=,,
13/02/2021,15:00:00Z	,0.46,101.44388888888889,WIBB,00000KT,7000,FEW015
13/02/2021,15:30:00Z	,0.46,101.44388888888889,WIBB,00000KT,7000,FEW015
13/02/2021,16:00:00Z	,0.46,101.44388888888889,WIBB,00000KT,8000,FEW016
13/02/2021,16:30:00Z	,0.46,101.44388888888889,WIBB,00000KT,7000,FEW016
13/02/2021,17:00:00Z	,0.46,101.44388888888889,WIBB,36002KT,7000,FEW016
13/02/2021,17:30:00Z	,0.46,101.44388888888889,WIBB,04054KT,7000,FEW016
13/02/2021,18:00:00Z	,0.46,101.44388888888889,WIBB,04005KT,7000,FEW016
13/02/2021,21:00:00Z	,0.46,101.44388888888889,WIBB,07005KT,6000,-RA
13/02/2021,21:30:00Z	,0.46,101.44388888888889,WIBB,00000KT,6000,-RA
13/02/2021,22:00:00Z	,0.46,101.44388888888889,WIBB,00000KT,7000,SCT013
13/02/2021,22:30:00Z	,0.46,101.44388888888889,WIBB,16005KT,7000,SCT013
13/02/2021,23:00:00Z	,0.46,101.44388888888889,WIBB,00000KT,7000,BKN010
13/02/2021,23:30:00Z	,0.46,101.44388888888889,WIBB,00000KT,5000,-RA
14/02/2021,00:00:00Z	,0.46,101.44388888888889,WIBB,00000KT,7000,SCT012
14/02/2021,00:30:00Z	,0.46,101.44388888888889,WIBB,36020KT,7000,SCT012
14/02/2021,01:00:00Z	,0.46,101.44388888888889,WIBB,00000KT,7000,SCT012
14/02/2021,01:30:00Z	,0.46,101.44388888888889,WIBB,00000KT,7000,SCT012
14/02/2021,02:00:00Z	,0.46,101.44388888888889,WIBB,00000KT,6000,SCT012
14/02/2021,02:30:00Z	,0.46,101.44388888888889,WIBB,00000KT,6000,SCT012
14/02/2021,03:00:00Z	,0.46,101.44388888888889,WIBB,00000KT,7000,SCT012
14/02/2021,03:30:00Z	,0.46,101.44388888888889,WIBB,00000KT,7000,BKN014
14/02/2021,04:00:00Z	,0.46,101.44388888888889,WIBB,00000KT,7000,BKN012
14/02/2021,04:30:00Z	,0.46,101.44388888888889,WIBB,00000KT,7000,SCT012
14/02/2021,05:00:00Z	,0.46,101.44388888888889,WIBB,05005KT,8000,BKN013
14/02/2021,05:30:00Z	,0.46,101.44388888888889,WIBB,04005KT,8000,BKN013
14/02/2021,06:00:00Z	,0.46,101.44388888888889,WIBB,01006KT,9000,BKN014
14/02/2021,06:30:00Z	,0.46,101.44388888888889,WIBB,00000KT,9999,BKN014
14/02/2021,07:00:00Z	,0.46,101.44388888888889,WIBB,00000KT,9999,BKN015
14/02/2021,07:30:00Z	,0.46,101.44388888888889,WIBB,00000KT,9999,BKN015
14/02/2021,08:00:00Z	,0.46,101.44388888888889,WIBB,00000KT,9999,BKN015
14/02/2021,08:30:00Z	,0.46,101.44388888888889,WIBB,00000KT,9999,BKN015
14/02/2021,09:00:00Z	,0.46,101.44388888888889,WIBB,00000KT,9999,BKN015
14/02/2021,09:30:00Z	,0.46,101.44388888888889,WIBB,00000KT,9999,BKN015
14/02/2021,10:00:00Z	,0.46,101.44388888888889,WIBB,08005KT,9999,BKN015
14/02/2021,10:30:00Z	,0.46,101.44388888888889,WIBB,04005KT,9999,BKN015
14/02/2021,11:00:00Z	,0.46,101.44388888888889,WIBB,07005KT,9999,SCT015
14/02/2021,11:30:00Z	,0.46,101.44388888888889,WIBB,05004KT,9999,SCT015
14/02/2021,12:00:00Z	,0.46,101.44388888888889,WIBB,30005KT,8000,SCT015
14/02/2021,12:30:00Z	,0.46,101.44388888888889,WIBB,00000KT,8000,SCT015
14/02/2021,13:00:00Z	,0.46,101.44388888888889,WIBB,36005KT,8000,FEW017CB
14/02/2021,13:30:00Z	,0.46,101.44388888888889,WIBB,03005KT,8000,FEW017
14/02/2021,14:00:00Z	,0.46,101.44388888888889,WIBB,00000KT,8000,FEW017
14/02/2021,14:30:00Z	,0.46,101.44388888888889,WIBB,00000KT,8000,FEW017
14/02/2021,15:00:00Z	,0.46,101.44388888888889,WIBB,00000KT,8000,FEW016
14/02/2021,15:30:00Z	,0.46,101.44388888888889,WIBB,00000KT,8000,FEW015
14/02/2021,16:00:00Z	,0.46,101.44388888888889,WIBB,00000KT,8000,SCT015
14/02/2021,16:30:00Z	,0.46,101.44388888888889,WIBB,00000KT,8000,SCT015
14/02/2021,17:00:00Z	,0.46,101.44388888888889,WIBB,00000KT,8000,SCT015
14/02/2021,17:30:00Z	,0.46,101.44388888888889,WIBB,00000KT,8000,SCT015
14/02/2021,18:00:00Z	,0.46,101.44388888888889,WIBB,00000KT,8000,SCT015
14/02/2021,21:00:00Z	,0.46,101.44388888888889,WIBB,04006KT,8000,SCT012
14/02/2021,22:00:00Z	,0.46,101.44388888888889,WIBB,05006KT,8000,SCT013
14/02/2021,23:00:00Z	,0.46,101.44388888888889,WIBB,05005KT,8000,SCT013
14/02/2021,23:30:00Z	,0.46,101.44388888888889,WIBB,05005KT,8000,SCT013
15/02/2021,00:00:00Z	,0.46,101.44388888888889,WIBB,00000KT,8000,FEW013
15/02/2021,00:30:00Z	,0.46,101.44388888888889,WIBB,00000KT,8000,FEW013
15/02/2021,01:00:00Z	,0.46,101.44388888888889,WIBB,02005KT,8000,FEW085
15/02/2021,01:30:00Z	,0.46,101.44388888888889,WIBB,03006KT,8000,FEW013
15/02/2021,02:00:00Z	,0.46,101.44388888888889,WIBB,03006KT,8000,SCT013
15/02/2021,02:30:00Z	,0.46,101.44388888888889,WIBB,04007KT,8000,SCT013
15/02/2021,03:00:00Z	,0.46,101.44388888888889,WIBB,06005KT,8000,BKN013
15/02/2021,03:30:00Z	,0.46,101.44388888888889,WIBB,00000KT,8000,BKN013
15/02/2021,04:00:00Z	,0.46,101.44388888888889,WIBB,00000KT,8000,BKN013
15/02/2021,04:30:00Z	,0.46,101.44388888888889,WIBB,00000KT,8000,SCT013
15/02/2021,05:00:00Z	,0.46,101.44388888888889,WIBB,00000KT,8000,BKN013
15/02/2021,05:30:00Z	,0.46,101.44388888888889,WIBB,00000KT,8000,BKN013
15/02/2021,06:30:00Z	,0.46,101.44388888888889,WIBB,00000KT,8000,SCT013
15/02/2021,07:00:00Z	,0.46,101.44388888888889,WIBB,04007KT,8000,FEW015
15/02/2021,07:30:00Z	,0.46,101.44388888888889,WIBB,36005KT,8000,FEW016
15/02/2021,08:00:00Z	,0.46,101.44388888888889,WIBB,33005KT,8000,SCT014
15/02/2021,08:30:00Z	,0.46,101.44388888888889,WIBB,25006KT,8000,SCT014
15/02/2021,09:00:00Z	,0.46,101.44388888888889,WIBB,32007KT,8000,FEW015
15/02/2021,09:30:00Z	,0.46,101.44388888888889,WIBB,00000KT,8000,FEW014
15/02/2021,10:00:00Z	,0.46,101.44388888888889,WIBB,00000KT,8000,SCT013
15/02/2021,10:30:00Z	,0.46,101.44388888888889,WIBB,03007KT,8000,SCT013
15/02/2021,11:00:00Z	,0.46,101.44388888888889,WIBB,05005KT,7000,FEW015
15/02/2021,11:30:00Z	,0.46,101.44388888888889,WIBB,05005KT,7000,SCT013
15/02/2021,12:00:00Z	,0.46,101.44388888888889,WIBB,04005KT,7000,FEW015CB
15/02/2021,12:30:00Z	,0.46,101.44388888888889,WIBB,00000KT,7000,FEW015CB
15/02/2021,13:00:00Z	,0.46,101.44388888888889,WIBB,00000KT,7000,FEW015CB
15/02/2021,13:30:00Z	,0.46,101.44388888888889,WIBB,00000KT,7000,FEW015CB
15/02/2021,14:00:00Z	,0.46,101.44388888888889,WIBB,00000KT,7000,SCT015
15/02/2021,14:30:00Z	,0.46,101.44388888888889,WIBB,00000KT,7000,BKN015
15/02/2021,15:00:00Z	,0.46,101.44388888888889,WIBB,00000KT,7000,BKN013
15/02/2021,15:30:00Z	,0.46,101.44388888888889,WIBB,00000KT,7000,BKN013
15/02/2021,16:00:00Z	,0.46,101.44388888888889,WIBB,00000KT,7000,BKN013
15/02/2021,16:30:00Z	,0.46,101.44388888888889,WIBB,00000KT,7000,BKN013
15/02/2021,17:00:00Z	,0.46,101.44388888888889,WIBB,00000KT,7000,BKN013
15/02/2021,17:30:00Z	,0.46,101.44388888888889,WIBB,00000KT,7000,BKN013
15/02/2021,18:00:00Z	,0.46,101.44388888888889,WIBB,00000KT,7000,BKN013
15/02/2021,21:00:00Z	,0.46,101.44388888888889,WIBB,00000KT,7000,BKN013
15/02/2021,21:30:00Z	,0.46,101.44388888888889,WIBB,00000KT,7000,BKN013
15/02/2021,22:00:00Z	,0.46,101.44388888888889,WIBB,06005KT,7000,FEW013
15/02/2021,22:30:00Z	,0.46,101.44388888888889,WIBB,00000KT,7000,FEW013
15/02/2021,23:00:00Z	,0.46,101.44388888888889,WIBB,00000KT,7000,FEW015
15/02/2021,23:30:00Z	,0.46,101.44388888888889,WIBB,00000KT,7000,FEW015
16/02/2021,00:00:00Z	,0.46,101.44388888888889,WIBB,03005KT,7000,FEW015
16/02/2021,00:30:00Z	,0.46,101.44388888888889,WIBB,00000KT,7000,FEW015
16/02/2021,01:00:00Z	,0.46,101.44388888888889,WIBB,05005KT,7000,FEW015
16/02/2021,01:30:00Z	,0.46,101.44388888888889,WIBB,06005KT,7000,FEW015
16/02/2021,02:00:00Z	,0.46,101.44388888888889,WIBB,06007KT,8000,FEW015
16/02/2021,02:30:00Z	,0.46,101.44388888888889,WIBB,03006KT,8000,FEW015
16/02/2021,03:00:00Z	,0.46,101.44388888888889,WIBB,03005KT,9000,FEW015
16/02/2021,03:30:00Z	,0.46,101.44388888888889,WIBB,03005KT,9000,FEW015
16/02/2021,04:00:00Z	,0.46,101.44388888888889,WIBB,03005KT,9000,SCT016
16/02/2021,04:00:00Z	,0.46,101.44388888888889,WIBB,WIBB,160400Z,03005KT
16/02/2021,04:30:00Z	,0.46,101.44388888888889,WIBB,35005KT,9000,SCT016
16/02/2021,05:00:00Z	,0.46,101.44388888888889,WIBB,06005KT,9000,BKN016
16/02/2021,05:30:00Z	,0.46,101.44388888888889,WIBB,36008KT,9000,BKN016
16/02/2021,06:00:00Z	,0.46,101.44388888888889,WIBB,30005KT,9000,BKN016
16/02/2021,06:30:00Z	,0.46,101.44388888888889,WIBB,31007KT,9000,BKN016
16/02/2021,07:00:00Z	,0.46,101.44388888888889,WIBB,36005KT,8000,BKN013
16/02/2021,07:30:00Z	,0.46,101.44388888888889,WIBB,03006KT,8000,BKN013
16/02/2021,08:00:00Z	,0.46,101.44388888888889,WIBB,04006KT,8000,BKN013
16/02/2021,08:30:00Z	,0.46,101.44388888888889,WIBB,00000KT,8000,BKN013
16/02/2021,09:00:00Z	,0.46,101.44388888888889,WIBB,00000KT,8000,BKN013
16/02/2021,09:30:00Z	,0.46,101.44388888888889,WIBB,00000KT,8000,BKN013
16/02/2021,10:00:00Z	,0.46,101.44388888888889,WIBB,00000KT,8000,SCT013
16/02/2021,10:30:00Z	,0.46,101.44388888888889,WIBB,00000KT,8000,SCT013
16/02/2021,11:00:00Z	,0.46,101.44388888888889,WIBB,00000KT,8000,SCT013
16/02/2021,11:30:00Z	,0.46,101.44388888888889,WIBB,00000KT,8000,BKN013
16/02/2021,12:00:00Z	,0.46,101.44388888888889,WIBB,00000KT,8000,BKN013
16/02/2021,12:30:00Z	,0.46,101.44388888888889,WIBB,00000KT,8000,BKN013
16/02/2021,13:00:00Z	,0.46,101.44388888888889,WIBB,00000KT,8000,BKN013
16/02/2021,13:30:00Z	,0.46,101.44388888888889,WIBB,00000KT,8000,SCT013
16/02/2021,14:00:00Z	,0.46,101.44388888888889,WIBB,06005KT,8000,SCT013
16/02/2021,14:30:00Z	,0.46,101.44388888888889,WIBB,01005KT,8000,SCT013
16/02/2021,15:00:00Z	,0.46,101.44388888888889,WIBB,04006KT,8000,SCT012
16/02/2021,15:30:00Z	,0.46,101.44388888888889,WIBB,05005KT,8000,SCT012
16/02/2021,16:00:00Z	,0.46,101.44388888888889,WIBB,06005KT,8000,SCT012
16/02/2021,16:30:00Z	,0.46,101.44388888888889,WIBB,05005KT,8000,SCT013
16/02/2021,17:00:00Z	,0.46,101.44388888888889,WIBB,05005KT,8000,FEW013
16/02/2021,17:30:00Z	,0.46,101.44388888888889,WIBB,00000KT,8000,FEW013
16/02/2021,18:00:00Z	,0.46,101.44388888888889,WIBB,04005KT,8000,FEW012
16/02/2021,21:00:00Z	,0.46,101.44388888888889,WIBB,16005KT,7000,BKN015
16/02/2021,21:30:00Z	,0.46,101.44388888888889,WIBB,00000KT,7000,BKN015
16/02/2021,22:00:00Z	,0.46,101.44388888888889,WIBB,00000KT,8000,BKN013
16/02/2021,22:30:00Z	,0.46,101.44388888888889,WIBB,00000KT,8000,BKN013
16/02/2021,23:00:00Z	,0.46,101.44388888888889,WIBB,00000KT,8000,BKN012
16/02/2021,23:30:00Z	,0.46,101.44388888888889,WIBB,00000KT,6000,SCT012
17/02/2021,00:00:00Z	,0.46,101.44388888888889,WIBB,00000KT,6000,SCT012
17/02/2021,00:30:00Z	,0.46,101.44388888888889,WIBB,00000KT,6000,SCT012
17/02/2021,01:00:00Z	,0.46,101.44388888888889,WIBB,06005KT,7000,FEW012
17/02/2021,01:30:00Z	,0.46,101.44388888888889,WIBB,06005KT,9000,SCT012
17/02/2021,02:00:00Z	,0.46,101.44388888888889,WIBB,04005KT,9000,SCT010
17/02/2021,02:30:00Z	,0.46,101.44388888888889,WIBB,05006KT,9999,SCT010
17/02/2021,03:00:00Z	,0.46,101.44388888888889,WIBB,05006KT,9999,SCT012
17/02/2021,03:30:00Z	,0.46,101.44388888888889,WIBB,08005KT,9999,SCT013
17/02/2021,04:00:00Z	,0.46,101.44388888888889,WIBB,05005KT,9999,SCT013
17/02/2021,04:30:00Z	,0.46,101.44388888888889,WIBB,06005KT,9999,SCT013
17/02/2021,05:00:00Z	,0.46,101.44388888888889,WIBB,06005KT,9999,SCT015
17/02/2021,05:30:00Z	,0.46,101.44388888888889,WIBB,00000KT,9999,SCT015
17/02/2021,06:00:00Z	,0.46,101.44388888888889,WIBB,00000KT,9999,SCT015
17/02/2021,06:30:00Z	,0.46,101.44388888888889,WIBB,00000KT,9999,SCT015
17/02/2021,07:00:00Z	,0.46,101.44388888888889,WIBB,36007KT,9999,SCT015
17/02/2021,07:30:00Z	,0.46,101.44388888888889,WIBB,00000KT,9999,SCT015
17/02/2021,08:00:00Z	,0.46,101.44388888888889,WIBB,00000KT,9999,BKN015
17/02/2021,08:30:00Z	,0.46,101.44388888888889,WIBB,00000KT,9999,BKN015
17/02/2021,09:00:00Z	,0.46,101.44388888888889,WIBB,07005KT,9999,SCT015
17/02/2021,09:30:00Z	,0.46,101.44388888888889,WIBB,00000KT,9999,SCT015
17/02/2021,10:00:00Z	,0.46,101.44388888888889,WIBB,05006KT,9999,SCT015
17/02/2021,10:30:00Z	,0.46,101.44388888888889,WIBB,07007KT,9999,SCT015
17/02/2021,11:30:00Z	,0.46,101.44388888888889,WIBB,05005KT,8000,FEW015
17/02/2021,12:00:00Z	,0.46,101.44388888888889,WIBB,06006KT,9999,SCT017
17/02/2021,12:30:00Z	,0.46,101.44388888888889,WIBB,00000KT,8000,FEW017
17/02/2021,13:00:00Z	,0.46,101.44388888888889,WIBB,36005KT,8000,FEW013
17/02/2021,13:30:00Z	,0.46,101.44388888888889,WIBB,00000KT,8000,FEW013
17/02/2021,14:00:00Z	,0.46,101.44388888888889,WIBB,00000KT,8000,FEW013
17/02/2021,14:30:00Z	,0.46,101.44388888888889,WIBB,05006KT,8000,FEW013
17/02/2021,15:00:00Z	,0.46,101.44388888888889,WIBB,00000KT,8000,FEW013
17/02/2021,22:00:00Z	,0.46,101.44388888888889,WIBB,04007KT,7000,FEW013
17/02/2021,22:30:00Z	,0.46,101.44388888888889,WIBB,04006KT,7000,FEW013
17/02/2021,23:00:00Z	,0.46,101.44388888888889,WIBB,00000KT,7000,SCT010
17/02/2021,23:30:00Z	,0.46,101.44388888888889,WIBB,00000KT,7000,BKN012
18/02/2021,00:00:00Z	,0.46,101.44388888888889,WIBB,00000KT,7000,BKN012
18/02/2021,00:30:00Z	,0.46,101.44388888888889,WIBB,00000KT,7000,BKN012
18/02/2021,01:00:00Z	,0.46,101.44388888888889,WIBB,00000KT,6000,BKN012
18/02/2021,01:30:00Z	,0.46,101.44388888888889,WIBB,00000KT,6000,BKN012
18/02/2021,02:00:00Z	,0.46,101.44388888888889,WIBB,00000KT,6000,SCT012
18/02/2021,02:30:00Z	,0.46,101.44388888888889,WIBB,00000KT,6000,SCT012
18/02/2021,03:00:00Z	,0.46,101.44388888888889,WIBB,09005KT,6000,SCT012
18/02/2021,03:30:00Z	,0.46,101.44388888888889,WIBB,00000KT,6000,SCT012
18/02/2021,04:00:00Z	,0.46,101.44388888888889,WIBB,05006KT,7000,SCT012
18/02/2021,04:30:00Z	,0.46,101.44388888888889,WIBB,00000KT,7000,SCT012
18/02/2021,05:00:00Z	,0.46,101.44388888888889,WIBB,06008KT,7000,FEW015
18/02/2021,05:30:00Z	,0.46,101.44388888888889,WIBB,05005KT,7000,FEW015
18/02/2021,06:00:00Z	,0.46,101.44388888888889,WIBB,02008KT,7000,SCT013
18/02/2021,06:30:00Z	,0.46,101.44388888888889,WIBB,36005KT,7000,SCT013
18/02/2021,07:00:00Z	,0.46,101.44388888888889,WIBB,06006KT,8000,SCT015
18/02/2021,07:30:00Z	,0.46,101.44388888888889,WIBB,06005KT,8000,SCT015
18/02/2021,08:00:00Z	,0.46,101.44388888888889,WIBB,07005KT,9000,SCT015
18/02/2021,08:30:00Z	,0.46,101.44388888888889,WIBB,05005KT,9000,FEW015
18/02/2021,09:00:00Z	,0.46,101.44388888888889,WIBB,00000KT,8000,FEW015
18/02/2021,09:30:00Z	,0.46,101.44388888888889,WIBB,00000KT,8000,NSC
18/02/2021,10:00:00Z	,0.46,101.44388888888889,WIBB,00000KT,8000,NSC
18/02/2021,10:30:00Z	,0.46,101.44388888888889,WIBB,00000KT,8000,NSC
18/02/2021,11:00:00Z	,0.46,101.44388888888889,WIBB,00000KT,8000,NSC
18/02/2021,11:30:00Z	,0.46,101.44388888888889,WIBB,00000KT,8000,NSC
18/02/2021,12:00:00Z	,0.46,101.44388888888889,WIBB,00000KT,8000,NSC
18/02/2021,12:30:00Z	,0.46,101.44388888888889,WIBB,00000KT,8000,NSC
18/02/2021,13:00:00Z	,0.46,101.44388888888889,WIBB,00000KT,8000,FEW016
18/02/2021,13:30:00Z	,0.46,101.44388888888889,WIBB,00000KT,8000,FEW016
18/02/2021,14:00:00Z	,0.46,101.44388888888889,WIBB,00000KT,8000,FEW016
18/02/2021,14:30:00Z	,0.46,101.44388888888889,WIBB,00000KT,8000,FEW016
18/02/2021,15:00:00Z	,0.46,101.44388888888889,WIBB,00000KT,8000,FEW016
18/02/2021,15:30:00Z	,0.46,101.44388888888889,WIBB,00000KT,8000,FEW016
18/02/2021,16:00:00Z	,0.46,101.44388888888889,WIBB,18005KT,8000,FEW016
18/02/2021,16:30:00Z	,0.46,101.44388888888889,WIBB,20004KT,8000,FEW016
18/02/2021,17:00:00Z	,0.46,101.44388888888889,WIBB,22005KT,8000,FEW016
18/02/2021,17:30:00Z	,0.46,101.44388888888889,WIBB,00000KT,8000,FEW016
18/02/2021,18:00:00Z	,0.46,101.44388888888889,WIBB,08006KT,8000,FEW016
18/02/2021,18:30:00Z	,0.46,101.44388888888889,WIBB,00000KT,7000,-RA
18/02/2021,19:00:00Z	,0.46,101.44388888888889,WIBB,00000KT,7000,SCT015
18/02/2021,19:30:00Z	,0.46,101.44388888888889,WIBB,00000KT,7000,SCT015
18/02/2021,20:00:00Z	,0.46,101.44388888888889,WIBB,00000KT,8000,SCT015
18/02/2021,20:30:00Z	,0.46,101.44388888888889,WIBB,00000KT,8000,SCT015
18/02/2021,21:00:00Z	,0.46,101.44388888888889,WIBB,00000KT,8000,FEW015
18/02/2021,21:30:00Z	,0.46,101.44388888888889,WIBB,00000KT,7000,FEW015
18/02/2021,22:00:00Z	,0.46,101.44388888888889,WIBB,00000KT,7000,SCT015
18/02/2021,22:30:00Z	,0.46,101.44388888888889,WIBB,00000KT,6000,SCT015
18/02/2021,23:00:00Z	,0.46,101.44388888888889,WIBB,00000KT,6000,SCT013
18/02/2021,23:30:00Z	,0.46,101.44388888888889,WIBB,00000KT,6000,SCT013
19/02/2021,00:00:00Z	,0.46,101.44388888888889,WIBB,00000KT,6000,FEW013
19/02/2021,00:30:00Z	,0.46,101.44388888888889,WIBB,05006KT,6000,FEW013
19/02/2021,01:00:00Z	,0.46,101.44388888888889,WIBB,05008KT,7000,FEW015
19/02/2021,01:30:00Z	,0.46,101.44388888888889,WIBB,09006KT,8000,FEW015
19/02/2021,02:00:00Z	,0.46,101.44388888888889,WIBB,02009KT,010V090,8000
19/02/2021,02:30:00Z	,0.46,101.44388888888889,WIBB,04012KT,8000,SCT015
19/02/2021,03:00:00Z	,0.46,101.44388888888889,WIBB,02011KT,9999,SCT015
19/02/2021,03:30:00Z	,0.46,101.44388888888889,WIBB,06011KT,9999,SCT015
19/02/2021,04:00:00Z	,0.46,101.44388888888889,WIBB,04012KT,9999,BKN013
19/02/2021,04:30:00Z	,0.46,101.44388888888889,WIBB,00000KT,9999,BKN013
19/02/2021,05:00:00Z	,0.46,101.44388888888889,WIBB,07005KT,8000,BKN012
19/02/2021,05:30:00Z	,0.46,101.44388888888889,WIBB,06005KT,8000,BKN012
19/02/2021,06:00:00Z	,0.46,101.44388888888889,WIBB,02007KT,8000,BKN012
19/02/2021,06:30:00Z	,0.46,101.44388888888889,WIBB,05005KT,8000,BKN012
19/02/2021,07:00:00Z	,0.46,101.44388888888889,WIBB,04010KT,8000,BKN012
19/02/2021,07:30:00Z	,0.46,101.44388888888889,WIBB,05011KT,8000,BKN012
19/02/2021,08:00:00Z	,0.46,101.44388888888889,WIBB,05008KT,8000,BKN012
19/02/2021,08:30:00Z	,0.46,101.44388888888889,WIBB,01008KT,7000,BKN012
19/02/2021,09:00:00Z	,0.46,101.44388888888889,WIBB,03007KT,8000,BKN012
19/02/2021,09:30:00Z	,0.46,101.44388888888889,WIBB,05008KT,8000,BKN012
19/02/2021,10:00:00Z	,0.46,101.44388888888889,WIBB,06008KT,8000,SCT015
19/02/2021,10:30:00Z	,0.46,101.44388888888889,WIBB,05007KT,9999,SCT015
19/02/2021,11:00:00Z	,0.46,101.44388888888889,WIBB,03006KT,8000,SCT015
19/02/2021,11:30:00Z	,0.46,101.44388888888889,WIBB,00000KT,8000,SCT015
19/02/2021,12:00:00Z	,0.46,101.44388888888889,WIBB,00000KT,8000,SCT015
19/02/2021,12:30:00Z	,0.46,101.44388888888889,WIBB,00000KT,7000,SCT015
19/02/2021,13:00:00Z	,0.46,101.44388888888889,WIBB,00000KT,8000,SCT015
19/02/2021,13:30:00Z	,0.46,101.44388888888889,WIBB,00000KT,8000,NSC
19/02/2021,14:00:00Z	,0.46,101.44388888888889,WIBB,00000KT,8000,NSC
19/02/2021,14:30:00Z	,0.46,101.44388888888889,WIBB,00000KT,7000,NSC
19/02/2021,15:00:00Z	,0.46,101.44388888888889,WIBB,00000KT,7000,SCT014
19/02/2021,15:30:00Z	,0.46,101.44388888888889,WIBB,00000KT,7000,SCT014
19/02/2021,16:00:00Z	,0.46,101.44388888888889,WIBB,00000KT,7000,NSC
19/02/2021,16:30:00Z	,0.46,101.44388888888889,WIBB,00000KT,7000,NSC
19/02/2021,17:00:00Z	,0.46,101.44388888888889,WIBB,00000KT,7000,NSC
19/02/2021,17:30:00Z	,0.46,101.44388888888889,WIBB,00000KT,7000,NSC
19/02/2021,18:00:00Z	,0.46,101.44388888888889,WIBB,00000KT,7000,NSC
19/02/2021,21:00:00Z	,0.46,101.44388888888889,WIBB,00000KT,7000,SCT015
19/02/2021,22:00:00Z	,0.46,101.44388888888889,WIBB,00000KT,7000,SCT015
19/02/2021,23:00:00Z	,0.46,101.44388888888889,WIBB,00000KT,7000,SCT013
19/02/2021,23:30:00Z	,0.46,101.44388888888889,WIBB,00000KT,7000,SCT013
20/02/2021,00:00:00Z	,0.46,101.44388888888889,WIBB,00000KT,7000,SCT015
20/02/2021,00:30:00Z	,0.46,101.44388888888889,WIBB,00000KT,8000,SCT015
20/02/2021,01:00:00Z	,0.46,101.44388888888889,WIBB,00000KT,8000,SCT013
20/02/2021,01:30:00Z	,0.46,101.44388888888889,WIBB,00000KT,8000,SCT013
20/02/2021,02:00:00Z	,0.46,101.44388888888889,WIBB,07007KT,8000,SCT010
20/02/2021,02:30:00Z	,0.46,101.44388888888889,WIBB,06009KT,8000,BKN010
20/02/2021,03:00:00Z	,0.46,101.44388888888889,WIBB,04010KT,8000,BKN010
20/02/2021,03:30:00Z	,0.46,101.44388888888889,WIBB,04009KT,8000,BKN012
20/02/2021,04:00:00Z	,0.46,101.44388888888889,WIBB,04009KT,8000,BKN012
20/02/2021,04:30:00Z	,0.46,101.44388888888889,WIBB,03008KT,8000,BKN012
20/02/2021,05:00:00Z	,0.46,101.44388888888889,WIBB,04008KT,8000,BKN012
20/02/2021,05:30:00Z	,0.46,101.44388888888889,WIBB,04010KT,8000,BKN012
20/02/2021,06:00:00Z	,0.46,101.44388888888889,WIBB,04008KT,8000,BKN012
20/02/2021,06:30:00Z	,0.46,101.44388888888889,WIBB,04008KT,8000,BKN012
20/02/2021,07:00:00Z	,0.46,101.44388888888889,WIBB,06006KT,8000,BKN012
20/02/2021,07:30:00Z	,0.46,101.44388888888889,WIBB,03009KT,8000,BKN012
20/02/2021,08:00:00Z	,0.46,101.44388888888889,WIBB,04008KT,8000,BKN012
20/02/2021,08:30:00Z	,0.46,101.44388888888889,WIBB,05007KT,8000,BKN012
20/02/2021,09:00:00Z	,0.46,101.44388888888889,WIBB,04005KT,8000,BKN013
20/02/2021,09:30:00Z	,0.46,101.44388888888889,WIBB,04006KT,8000,BKN013
20/02/2021,10:00:00Z	,0.46,101.44388888888889,WIBB,05006KT,8000,SCT013
20/02/2021,10:30:00Z	,0.46,101.44388888888889,WIBB,04005KT,8000,SCT013
20/02/2021,11:00:00Z	,0.46,101.44388888888889,WIBB,03005KT,8000,SCT013
20/02/2021,11:30:00Z	,0.46,101.44388888888889,WIBB,05005KT,8000,SCT013
20/02/2021,12:00:00Z	,0.46,101.44388888888889,WIBB,06005KT,8000,SCT013
20/02/2021,12:30:00Z	,0.46,101.44388888888889,WIBB,00000KT,7000,SCT013
20/02/2021,13:00:00Z	,0.46,101.44388888888889,WIBB,00000KT,7000,SCT013
20/02/2021,13:30:00Z	,0.46,101.44388888888889,WIBB,00000KT,8000,SCT013
20/02/2021,14:00:00Z	,0.46,101.44388888888889,WIBB,00000KT,7000,SCT013
20/02/2021,14:30:00Z	,0.46,101.44388888888889,WIBB,00000KT,7000,SCT013
20/02/2021,15:00:00Z	,0.46,101.44388888888889,WIBB,00000KT,7000,SCT012
20/02/2021,15:30:00Z	,0.46,101.44388888888889,WIBB,00000KT,7000,SCT012
20/02/2021,16:00:00Z	,0.46,101.44388888888889,WIBB,00000KT,7000,SCT012
20/02/2021,16:30:00Z	,0.46,101.44388888888889,WIBB,00000KT,7000,BKN012
20/02/2021,17:00:00Z	,0.46,101.44388888888889,WIBB,09007KT,5000,-RA
20/02/2021,17:30:00Z	,0.46,101.44388888888889,WIBB,00000KT,7000,BKN013
20/02/2021,18:00:00Z	,0.46,101.44388888888889,WIBB,00000KT,6000,BKN010
20/02/2021,21:00:00Z	,0.46,101.44388888888889,WIBB,00000KT,7000,BKN010
20/02/2021,22:00:00Z	,0.46,101.44388888888889,WIBB,00000KT,7000,SCT010
20/02/2021,22:30:00Z	,0.46,101.44388888888889,WIBB,00000KT,070V140,7000
20/02/2021,23:00:00Z	,0.46,101.44388888888889,WIBB,00000KT,7000,SCT013
20/02/2021,23:30:00Z	,0.46,101.44388888888889,WIBB,00000KT,7000,BKN010
21/02/2021,00:00:00Z	,0.46,101.44388888888889,WIBB,00000KT,7000,SCT015
21/02/2021,00:30:00Z	,0.46,101.44388888888889,WIBB,07005KT,7000,SCT015
21/02/2021,01:00:00Z	,0.46,101.44388888888889,WIBB,05007KT,8000,NSC
21/02/2021,01:30:00Z	,0.46,101.44388888888889,WIBB,06005KT,8000,NSC
21/02/2021,02:00:00Z	,0.46,101.44388888888889,WIBB,07006KT,9000,FEW014
21/02/2021,02:30:00Z	,0.46,101.44388888888889,WIBB,07005KT,9000,FEW014
21/02/2021,03:00:00Z	,0.46,101.44388888888889,WIBB,04005KT,9999,FEW014
21/02/2021,03:30:00Z	,0.46,101.44388888888889,WIBB,08005KT,9999,FEW014
21/02/2021,04:00:00Z	,0.46,101.44388888888889,WIBB,05006KT,9999,BKN014
21/02/2021,04:30:00Z	,0.46,101.44388888888889,WIBB,05005KT,9999,BKN014
21/02/2021,05:00:00Z	,0.46,101.44388888888889,WIBB,01005KT,9999,BKN013
21/02/2021,05:30:00Z	,0.46,101.44388888888889,WIBB,05006KT,360V100,////
21/02/2021,06:00:00Z	,0.46,101.44388888888889,WIBB,04005KT,9999,SCT014
21/02/2021,06:30:00Z	,0.46,101.44388888888889,WIBB,06007KT,9999,SCT014
21/02/2021,07:00:00Z	,0.46,101.44388888888889,WIBB,04005KT,9999,BKN014
21/02/2021,07:30:00Z	,0.46,101.44388888888889,WIBB,06005KT,9999,BKN014
21/02/2021,08:00:00Z	,0.46,101.44388888888889,WIBB,03005KT,9999,BKN014
21/02/2021,08:30:00Z	,0.46,101.44388888888889,WIBB,06006KT,9999,BKN014
21/02/2021,09:00:00Z	,0.46,101.44388888888889,WIBB,06005KT,9999,SCT015
21/02/2021,09:30:00Z	,0.46,101.44388888888889,WIBB,06005KT,9999,SCT015
21/02/2021,10:00:00Z	,0.46,101.44388888888889,WIBB,00000KT,9999,SCT015
21/02/2021,10:30:00Z	,0.46,101.44388888888889,WIBB,09004KT,9999,SCT015
21/02/2021,11:00:00Z	,0.46,101.44388888888889,WIBB,09005KT,9999,FEW015
21/02/2021,11:30:00Z	,0.46,101.44388888888889,WIBB,00000KT,8000,FEW015
21/02/2021,12:00:00Z	,0.46,101.44388888888889,WIBB,00000KT,8000,FEW015
21/02/2021,12:30:00Z	,0.46,101.44388888888889,WIBB,00000KT,8000,FEW015
21/02/2021,13:00:00Z	,0.46,101.44388888888889,WIBB,08005KT,8000,FEW015
21/02/2021,13:30:00Z	,0.46,101.44388888888889,WIBB,08005KT,8000,FEW015
21/02/2021,14:00:00Z	,0.46,101.44388888888889,WIBB,07005KT,8000,FEW015
21/02/2021,14:30:00Z	,0.46,101.44388888888889,WIBB,08005KT,8000,FEW015
21/02/2021,15:00:00Z	,0.46,101.44388888888889,WIBB,00000KT,8000,FEW015
21/02/2021,15:30:00Z	,0.46,101.44388888888889,WIBB,00000KT,8000,FEW015
21/02/2021,16:00:00Z	,0.46,101.44388888888889,WIBB,00000KT,8000,FEW015
21/02/2021,16:30:00Z	,0.46,101.44388888888889,WIBB,00000KT,8000,FEW015
21/02/2021,17:00:00Z	,0.46,101.44388888888889,WIBB,00000KT,8000,SCT015
21/02/2021,17:30:00Z	,0.46,101.44388888888889,WIBB,00000KT,8000,SCT015
21/02/2021,18:00:00Z	,0.46,101.44388888888889,WIBB,09006KT,8000,SCT014
21/02/2021,21:00:00Z	,0.46,101.44388888888889,WIBB,07008KT,8000,SCT013
21/02/2021,21:30:00Z	,0.46,101.44388888888889,WIBB,06005KT,8000,SCT013
21/02/2021,22:30:00Z	,0.46,101.44388888888889,WIBB,07005KT,8000,SCT013
21/02/2021,23:00:00Z	,0.46,101.44388888888889,WIBB,08005KT,8000,SCT015
21/02/2021,23:30:00Z	,0.46,101.44388888888889,WIBB,00000KT,7000,FEW015
22/02/2021,00:00:00Z	,0.46,101.44388888888889,WIBB,00000KT,8000,FEW015
22/02/2021,00:30:00Z	,0.46,101.44388888888889,WIBB,00000KT,8000,FEW015
22/02/2021,01:00:00Z	,0.46,101.44388888888889,WIBB,00000KT,8000,FEW010
22/02/2021,01:30:00Z	,0.46,101.44388888888889,WIBB,00000KT,8000,SCT012
22/02/2021,02:00:00Z	,0.46,101.44388888888889,WIBB,00000KT,8000,SCT010
22/02/2021,02:30:00Z	,0.46,101.44388888888889,WIBB,06006KT,8000,SCT010
22/02/2021,03:00:00Z	,0.46,101.44388888888889,WIBB,05005KT,9000,SCT012
22/02/2021,03:30:00Z	,0.46,101.44388888888889,WIBB,06005KT,9000,SCT013
22/02/2021,04:00:00Z	,0.46,101.44388888888889,WIBB,06005KT,9000,SCT014
22/02/2021,04:30:00Z	,0.46,101.44388888888889,WIBB,00000KT,9999,SCT015
22/02/2021,05:00:00Z	,0.46,101.44388888888889,WIBB,00000KT,9000,SCT015
22/02/2021,05:30:00Z	,0.46,101.44388888888889,WIBB,00000KT,9000,SCT015
22/02/2021,06:00:00Z	,0.46,101.44388888888889,WIBB,00000KT,9000,SCT015
22/02/2021,06:30:00Z	,0.46,101.44388888888889,WIBB,00000KT,9000,SCT015
22/02/2021,07:00:00Z	,0.46,101.44388888888889,WIBB,00000KT,9000,BKN015
22/02/2021,07:30:00Z	,0.46,101.44388888888889,WIBB,00000KT,9000,BKN015
22/02/2021,08:00:00Z	,0.46,101.44388888888889,WIBB,00000KT,9000,BKN016
22/02/2021,08:30:00Z	,0.46,101.44388888888889,WIBB,35004KT,9000,BKN016
22/02/2021,09:00:00Z	,0.46,101.44388888888889,WIBB,04005KT,9000,BKN016
22/02/2021,09:30:00Z	,0.46,101.44388888888889,WIBB,00000KT,9000,BKN016
22/02/2021,10:00:00Z	,0.46,101.44388888888889,WIBB,00000KT,9000,FEW016
22/02/2021,10:30:00Z	,0.46,101.44388888888889,WIBB,00000KT,8000,FEW016
22/02/2021,11:00:00Z	,0.46,101.44388888888889,WIBB,05005KT,8000,FEW016
22/02/2021,11:30:00Z	,0.46,101.44388888888889,WIBB,06004KT,8000,HZ
22/02/2021,12:00:00Z	,0.46,101.44388888888889,WIBB,08005KT,7000,FEW016
22/02/2021,12:30:00Z	,0.46,101.44388888888889,WIBB,00000KT,7000,FEW016
22/02/2021,13:00:00Z	,0.46,101.44388888888889,WIBB,07005KT,7000,FEW016
22/02/2021,13:30:00Z	,0.46,101.44388888888889,WIBB,00000KT,7000,FEW016
22/02/2021,14:00:00Z	,0.46,101.44388888888889,WIBB,00000KT,7000,FEW016
22/02/2021,14:30:00Z	,0.46,101.44388888888889,WIBB,07004KT,9000,FEW016
22/02/2021,15:00:00Z	,0.46,101.44388888888889,WIBB,00000KT,7000,FEW017
22/02/2021,15:30:00Z	,0.46,101.44388888888889,WIBB,00000KT,7000,FEW016
22/02/2021,16:00:00Z	,0.46,101.44388888888889,WIBB,00000KT,7000,FEW016
22/02/2021,16:30:00Z	,0.46,101.44388888888889,WIBB,00000KT,7000,FEW017
22/02/2021,17:00:00Z	,0.46,101.44388888888889,WIBB,00000KT,7000,FEW017
22/02/2021,17:30:00Z	,0.46,101.44388888888889,WIBB,00000KT,7000,FEW017
22/02/2021,18:00:00Z	,0.46,101.44388888888889,WIBB,00000KT,7000,FEW017
22/02/2021,18:30:00Z	,0.46,101.44388888888889,WIBB,00000KT,7000,FEW017
22/02/2021,19:00:00Z	,0.46,101.44388888888889,WIBB,08005KT,8000,FEW017
22/02/2021,19:30:00Z	,0.46,101.44388888888889,WIBB,00000KT,7000,FEW017
22/02/2021,20:00:00Z	,0.46,101.44388888888889,WIBB,00000KT,7000,FEW017
22/02/2021,20:30:00Z	,0.46,101.44388888888889,WIBB,00000KT,7000,FEW017
22/02/2021,21:00:00Z	,0.46,101.44388888888889,WIBB,00000KT,7000,FEW017
22/02/2021,21:30:00Z	,0.46,101.44388888888889,WIBB,09003KT,7000,FEW017
22/02/2021,22:00:00Z	,0.46,101.44388888888889,WIBB,00000KT,7000,FEW017
22/02/2021,22:30:00Z	,0.46,101.44388888888889,WIBB,00000KT,7000,FEW017
22/02/2021,23:00:00Z	,0.46,101.44388888888889,WIBB,00000KT,7000,FEW017
22/02/2021,23:30:00Z	,0.46,101.44388888888889,WIBB,00000KT,7000,FEW015
23/02/2021,00:00:00Z	,0.46,101.44388888888889,WIBB,05005KT,7000,FEW014
23/02/2021,00:30:00Z	,0.46,101.44388888888889,WIBB,00000KT,7000,FEW014
23/02/2021,01:00:00Z	,0.46,101.44388888888889,WIBB,00000KT,7000,SCT015
23/02/2021,01:30:00Z	,0.46,101.44388888888889,WIBB,00000KT,7000,SCT015
23/02/2021,02:00:00Z	,0.46,101.44388888888889,WIBB,00000KT,7000,SCT015
23/02/2021,02:30:00Z	,0.46,101.44388888888889,WIBB,36008KT,7000,SCT015
23/02/2021,03:00:00Z	,0.46,101.44388888888889,WIBB,08006KT,8000,FEW017
23/02/2021,03:30:00Z	,0.46,101.44388888888889,WIBB,33008KT,8000,FEW017
23/02/2021,04:00:00Z	,0.46,101.44388888888889,WIBB,00000KT,8000,SCT015
23/02/2021,04:30:00Z	,0.46,101.44388888888889,WIBB,31004KT,8000,SCT015
23/02/2021,05:00:00Z	,0.46,101.44388888888889,WIBB,02005KT,8000,BKN015
23/02/2021,05:30:00Z	,0.46,101.44388888888889,WIBB,25006KT,8000,BKN015
23/02/2021,06:00:00Z	,0.46,101.44388888888889,WIBB,00000KT,8000,BKN015
23/02/2021,06:30:00Z	,0.46,101.44388888888889,WIBB,00000KT,8000,BKN015
23/02/2021,07:00:00Z	,0.46,101.44388888888889,WIBB,00000KT,8000,SCT015
23/02/2021,07:30:00Z	,0.46,101.44388888888889,WIBB,00000KT,9000,SCT015
23/02/2021,08:00:00Z	,0.46,101.44388888888889,WIBB,00000KT,9000,SCT015
23/02/2021,08:30:00Z	,0.46,101.44388888888889,WIBB,33005KT,9999,FEW013
23/02/2021,09:00:00Z	,0.46,101.44388888888889,WIBB,00000KT,9999,FEW012
23/02/2021,09:30:00Z	,0.46,101.44388888888889,WIBB,00000KT,9999,FEW012
23/02/2021,10:00:00Z	,0.46,101.44388888888889,WIBB,00000KT,9999,FEW012
23/02/2021,10:30:00Z	,0.46,101.44388888888889,WIBB,00000KT,9000,FEW013
23/02/2021,11:00:00Z	,0.46,101.44388888888889,WIBB,00000KT,9000,FEW014
23/02/2021,11:30:00Z	,0.46,101.44388888888889,WIBB,00000KT,8000,FEW014
23/02/2021,12:00:00Z	,0.46,101.44388888888889,WIBB,00000KT,8000,FEW015
23/02/2021,12:30:00Z	,0.46,101.44388888888889,WIBB,00000KT,8000,FEW015
23/02/2021,15:00:00Z	,0.46,101.44388888888889,WIBB,00000KT,8000,BKN013
23/02/2021,15:30:00Z	,0.46,101.44388888888889,WIBB,00000KT,8000,BKN013
23/02/2021,21:00:00Z	,0.46,101.44388888888889,WIBB,00000KT,7000,BKN013
23/02/2021,23:00:00Z	,0.46,101.44388888888889,WIBB,00000KT,7000,BKN010
23/02/2021,23:30:00Z	,0.46,101.44388888888889,WIBB,AUTO,03003KT,5000
24/02/2021,00:00:00Z	,0.46,101.44388888888889,WIBB,AUTO,VRB02KT,5000
24/02/2021,00:30:00Z	,0.46,101.44388888888889,WIBB,AUTO,05003KT,010V070
24/02/2021,01:00:00Z	,0.46,101.44388888888889,WIBB,AUTO,VRB02KT,5000
24/02/2021,01:30:00Z	,0.46,101.44388888888889,WIBB,AUTO,VRB02KT,6000
24/02/2021,02:00:00Z	,0.46,101.44388888888889,WIBB,00000KT,4000,HZ
24/02/2021,02:30:00Z	,0.46,101.44388888888889,WIBB,00000KT,5000,HZ
